role,index,checkpoint,lora,model_weight,clip_weight,sampler,scheduler,steps,cfg,seed,width,height,output_prefix,positive,negative
管家,1,sdxl\waiIllustriousSDXL_v150.safetensors,dragonmaid_pilot20\01_House_Hasuki-pilot20-r32.safetensors,0.78,0.72,dpmpp_2m_sde,karras,28,4.8,202608290101,1216,832,DragonMaid/Unity_RPG_CG_20260829/01_House_管家/01,"masterpiece, best quality, high quality anime illustration, polished visual novel event CG, single coherent scene, expressive body language, natural perspective, clean lineart, soft cinematic lighting, clear foreground middle ground and background, unified anime style, standing beside a writing desk, calmly sorting a stack of household schedules, slight knowing smile, medium-wide event CG, doorway interruption framing, asymmetric composition, hasuki_dmaid, adult woman, mature composed head maid, long dark brown hair, glasses, black curved dragon horns, black formal maid uniform, white apron, complete attached dark dragon tail, coherent mansion interior, character visibly contacting nearby props, soft atmospheric depth","worst quality, low quality, normal quality, lowres, blurry, jpeg artifacts, text, watermark, logo, multiple views, collage, comic panels, duplicate person, extra person, cloned character, bad anatomy, bad hands, extra fingers, missing fingers, extra limbs, malformed limbs, long torso, floating tail, disconnected tail, missing tail, extra tail, missing horns, extra horns, wrong hair color, wrong costume, costume color error, inconsistent lighting, flat staging, pasted character, empty background, photorealistic, 3d render, card frame, trading card layout, nsfw, nude, lingerie"
管家,2,sdxl\waiIllustriousSDXL_v150.safetensors,dragonmaid_pilot20\01_House_Hasuki-pilot20-r32.safetensors,0.78,0.72,dpmpp_2m_sde,karras,28,4.8,202608290102,1216,832,DragonMaid/Unity_RPG_CG_20260829/01_House_管家/02,"masterpiece, best quality, high quality anime illustration, polished visual novel event CG, single coherent scene, expressive body language, natural perspective, clean lineart, soft cinematic lighting, clear foreground middle ground and background, unified anime style, adjusting her glasses while presenting a neatly written duty list toward the viewer, confident expression, medium shot, tabletop foreground framing, natural eye-line toward viewer, hasuki_dmaid, adult woman, mature composed head maid, long dark brown hair, glasses, black curved dragon horns, black formal maid uniform, white apron, complete attached dark dragon tail, coherent mansion interior, character visibly contacting nearby props, soft atmospheric depth","worst quality, low quality, normal quality, lowres, blurry, jpeg artifacts, text, watermark, logo, multiple views, collage, comic panels, duplicate person, extra person, cloned character, bad anatomy, bad hands, extra fingers, missing fingers, extra limbs, malformed limbs, long torso, floating tail, disconnected tail, missing tail, extra tail, missing horns, extra horns, wrong hair color, wrong costume, costume color error, inconsistent lighting, flat staging, pasted character, empty background, photorealistic, 3d render, card frame, trading card layout, nsfw, nude, lingerie"
管家,3,sdxl\waiIllustriousSDXL_v150.safetensors,dragonmaid_pilot20\01_House_Hasuki-pilot20-r32.safetensors,0.78,0.72,dpmpp_2m_sde,karras,28,4.8,202608290103,1216,832,DragonMaid/Unity_RPG_CG_20260829/01_House_管家/03,"masterpiece, best quality, high quality anime illustration, polished visual novel event CG, single coherent scene, expressive body language, natural perspective, clean lineart, soft cinematic lighting, clear foreground middle ground and background, unified anime style, catching a falling teacup with one hand, apron and hair moving with the sudden action, composed eyes, three-quarter shot, over-shoulder discovery angle, layered foreground objects, hasuki_dmaid, adult woman, mature composed head maid, long dark brown hair, glasses, black curved dragon horns, black formal maid uniform, white apron, complete attached dark dragon tail, coherent mansion interior, character visibly contacting nearby props, soft atmospheric depth","worst quality, low quality, normal quality, lowres, blurry, jpeg artifacts, text, watermark, logo, multiple views, collage, comic panels, duplicate person, extra person, cloned character, bad anatomy, bad hands, extra fingers, missing fingers, extra limbs, malformed limbs, long torso, floating tail, disconnected tail, missing tail, extra tail, missing horns, extra horns, wrong hair color, wrong costume, costume color error, inconsistent lighting, flat staging, pasted character, empty background, photorealistic, 3d render, card frame, trading card layout, nsfw, nude, lingerie"
管家,4,sdxl\waiIllustriousSDXL_v150.safetensors,dragonmaid_pilot20\01_House_Hasuki-pilot20-r32.safetensors,0.78,0.72,dpmpp_2m_sde,karras,28,4.8,202608290104,1216,832,DragonMaid/Unity_RPG_CG_20260829/01_House_管家/04,"masterpiece, best quality, high quality anime illustration, polished visual novel event CG, single coherent scene, expressive body language, natural perspective, clean lineart, soft cinematic lighting, clear foreground middle ground and background, unified anime style, leaning over a table to inspect a map, one hand pointing to a route, focused leadership expression, low-angle competence shot, controlled perspective, readable hands and costume, hasuki_dmaid, adult woman, mature composed head maid, long dark brown hair, glasses, black curved dragon horns, black formal maid uniform, white apron, complete attached dark dragon tail, coherent mansion interior, character visibly contacting nearby props, soft atmospheric depth","worst quality, low quality, normal quality, lowres, blurry, jpeg artifacts, text, watermark, logo, multiple views, collage, comic panels, duplicate person, extra person, cloned character, bad anatomy, bad hands, extra fingers, missing fingers, extra limbs, malformed limbs, long torso, floating tail, disconnected tail, missing tail, extra tail, missing horns, extra horns, wrong hair color, wrong costume, costume color error, inconsistent lighting, flat staging, pasted character, empty background, photorealistic, 3d render, card frame, trading card layout, nsfw, nude, lingerie"
管家,5,sdxl\waiIllustriousSDXL_v150.safetensors,dragonmaid_pilot20\01_House_Hasuki-pilot20-r32.safetensors,0.78,0.72,dpmpp_2m_sde,karras,28,4.8,202608290105,1216,832,DragonMaid/Unity_RPG_CG_20260829/01_House_管家/05,"masterpiece, best quality, high quality anime illustration, polished visual novel event CG, single coherent scene, expressive body language, natural perspective, clean lineart, soft cinematic lighting, clear foreground middle ground and background, unified anime style, pausing in a doorway with folded arms after noticing a small mess, restrained amused exasperation, medium-long shot, window-side hesitation, strong light and shadow separation, hasuki_dmaid, adult woman, mature composed head maid, long dark brown hair, glasses, black curved dragon horns, black formal maid uniform, white apron, complete attached dark dragon tail, coherent mansion interior, character visibly contacting nearby props, soft atmospheric depth","worst quality, low quality, normal quality, lowres, blurry, jpeg artifacts, text, watermark, logo, multiple views, collage, comic panels, duplicate person, extra person, cloned character, bad anatomy, bad hands, extra fingers, missing fingers, extra limbs, malformed limbs, long torso, floating tail, disconnected tail, missing tail, extra tail, missing horns, extra horns, wrong hair color, wrong costume, costume color error, inconsistent lighting, flat staging, pasted character, empty background, photorealistic, 3d render, card frame, trading card layout, nsfw, nude, lingerie"
管家,6,sdxl\waiIllustriousSDXL_v150.safetensors,dragonmaid_pilot20\01_House_Hasuki-pilot20-r32.safetensors,0.78,0.72,dpmpp_2m_sde,karras,28,4.8,202608290106,1216,832,DragonMaid/Unity_RPG_CG_20260829/01_House_管家/06,"masterpiece, best quality, high quality anime illustration, polished visual novel event CG, single coherent scene, expressive body language, natural perspective, clean lineart, soft cinematic lighting, clear foreground middle ground and background, unified anime style, kneeling to repair a loose drawer handle, practical concentration, tail balanced naturally behind her, dynamic three-quarter shot, motion crossing the frame, clear silhouette, hasuki_dmaid, adult woman, mature composed head maid, long dark brown hair, glasses, black curved dragon horns, black formal maid uniform, white apron, complete attached dark dragon tail, coherent mansion interior, character visibly contacting nearby props, soft atmospheric depth","worst quality, low quality, normal quality, lowres, blurry, jpeg artifacts, text, watermark, logo, multiple views, collage, comic panels, duplicate person, extra person, cloned character, bad anatomy, bad hands, extra fingers, missing fingers, extra limbs, malformed limbs, long torso, floating tail, disconnected tail, missing tail, extra tail, missing horns, extra horns, wrong hair color, wrong costume, costume color error, inconsistent lighting, flat staging, pasted character, empty background, photorealistic, 3d render, card frame, trading card layout, nsfw, nude, lingerie"
管家,7,sdxl\waiIllustriousSDXL_v150.safetensors,dragonmaid_pilot20\01_House_Hasuki-pilot20-r32.safetensors,0.78,0.72,dpmpp_2m_sde,karras,28,4.8,202608290107,1216,832,DragonMaid/Unity_RPG_CG_20260829/01_House_管家/07,"masterpiece, best quality, high quality anime illustration, polished visual novel event CG, single coherent scene, expressive body language, natural perspective, clean lineart, soft cinematic lighting, clear foreground middle ground and background, unified anime style, placing a warm cup beside a tired viewer, softened eyes and a discreet caring smile, seated compression composition, environmental props enclosing the frame, hasuki_dmaid, adult woman, mature composed head maid, long dark brown hair, glasses, black curved dragon horns, black formal maid uniform, white apron, complete attached dark dragon tail, coherent mansion interior, character visibly contacting nearby props, soft atmospheric depth","worst quality, low quality, normal quality, lowres, blurry, jpeg artifacts, text, watermark, logo, multiple views, collage, comic panels, duplicate person, extra person, cloned character, bad anatomy, bad hands, extra fingers, missing fingers, extra limbs, malformed limbs, long torso, floating tail, disconnected tail, missing tail, extra tail, missing horns, extra horns, wrong hair color, wrong costume, costume color error, inconsistent lighting, flat staging, pasted character, empty background, photorealistic, 3d render, card frame, trading card layout, nsfw, nude, lingerie"
管家,8,sdxl\waiIllustriousSDXL_v150.safetensors,dragonmaid_pilot20\01_House_Hasuki-pilot20-r32.safetensors,0.78,0.72,dpmpp_2m_sde,karras,28,4.8,202608290108,1216,832,DragonMaid/Unity_RPG_CG_20260829/01_House_管家/08,"masterpiece, best quality, high quality anime illustration, polished visual novel event CG, single coherent scene, expressive body language, natural perspective, clean lineart, soft cinematic lighting, clear foreground middle ground and background, unified anime style, turning back mid-step in a corridor, skirt and long hair following the motion, quietly attentive expression, intimate close-up aftermath, subtle off-screen interaction and expressive eyes, hasuki_dmaid, adult woman, mature composed head maid, long dark brown hair, glasses, black curved dragon horns, black formal maid uniform, white apron, complete attached dark dragon tail, coherent mansion interior, character visibly contacting nearby props, soft atmospheric depth","worst quality, low quality, normal quality, lowres, blurry, jpeg artifacts, text, watermark, logo, multiple views, collage, comic panels, duplicate person, extra person, cloned character, bad anatomy, bad hands, extra fingers, missing fingers, extra limbs, malformed limbs, long torso, floating tail, disconnected tail, missing tail, extra tail, missing horns, extra horns, wrong hair color, wrong costume, costume color error, inconsistent lighting, flat staging, pasted character, empty background, photorealistic, 3d render, card frame, trading card layout, nsfw, nude, lingerie"
管家,9,sdxl\waiIllustriousSDXL_v150.safetensors,dragonmaid_pilot20\01_House_Hasuki-pilot20-r32.safetensors,0.78,0.72,dpmpp_2m_sde,karras,28,4.8,202608290109,1216,832,DragonMaid/Unity_RPG_CG_20260829/01_House_管家/09,"masterpiece, best quality, high quality anime illustration, polished visual novel event CG, single coherent scene, expressive body language, natural perspective, clean lineart, soft cinematic lighting, clear foreground middle ground and background, unified anime style, holding an umbrella over the viewer at the mansion entrance, calm protective posture, gentle rain, wide establishing event CG, character integrated into a lived-in interior, hasuki_dmaid, adult woman, mature composed head maid, long dark brown hair, glasses, black curved dragon horns, black formal maid uniform, white apron, complete attached dark dragon tail, coherent mansion interior, character visibly contacting nearby props, soft atmospheric depth","worst quality, low quality, normal quality, lowres, blurry, jpeg artifacts, text, watermark, logo, multiple views, collage, comic panels, duplicate person, extra person, cloned character, bad anatomy, bad hands, extra fingers, missing fingers, extra limbs, malformed limbs, long torso, floating tail, disconnected tail, missing tail, extra tail, missing horns, extra horns, wrong hair color, wrong costume, costume color error, inconsistent lighting, flat staging, pasted character, empty background, photorealistic, 3d render, card frame, trading card layout, nsfw, nude, lingerie"
管家,10,sdxl\waiIllustriousSDXL_v150.safetensors,dragonmaid_pilot20\01_House_Hasuki-pilot20-r32.safetensors,0.78,0.72,dpmpp_2m_sde,karras,28,4.8,202608290110,1216,832,DragonMaid/Unity_RPG_CG_20260829/01_House_管家/10,"masterpiece, best quality, high quality anime illustration, polished visual novel event CG, single coherent scene, expressive body language, natural perspective, clean lineart, soft cinematic lighting, clear foreground middle ground and background, unified anime style, seated by a window after work, loosening one glove, rare relaxed smile and warm evening light, medium close-up, foreground occlusion, cinematic depth and restrained emotion, hasuki_dmaid, adult woman, mature composed head maid, long dark brown hair, glasses, black curved dragon horns, black formal maid uniform, white apron, complete attached dark dragon tail, coherent mansion interior, character visibly contacting nearby props, soft atmospheric depth","worst quality, low quality, normal quality, lowres, blurry, jpeg artifacts, text, watermark, logo, multiple views, collage, comic panels, duplicate person, extra person, cloned character, bad anatomy, bad hands, extra fingers, missing fingers, extra limbs, malformed limbs, long torso, floating tail, disconnected tail, missing tail, extra tail, missing horns, extra horns, wrong hair color, wrong costume, costume color error, inconsistent lighting, flat staging, pasted character, empty background, photorealistic, 3d render, card frame, trading card layout, nsfw, nude, lingerie"
小红,1,sdxl\waiIllustriousSDXL_v150.safetensors,dragonmaid_public_illustrious_v4\02_Kitchen_dragonmaid_illuXL_v1.1.safetensors,0.78,0.72,dpmpp_2m_sde,karras,28,4.8,202608290201,1216,832,DragonMaid/Unity_RPG_CG_20260829/02_Kitchen_小红/01,"masterpiece, best quality, high quality anime illustration, polished visual novel event CG, single coherent scene, expressive body language, natural perspective, clean lineart, soft cinematic lighting, clear foreground middle ground and background, unified anime style, lifting a covered breakfast tray with practiced confidence, steam curling around her face, proud smile, medium-wide event CG, doorway interruption framing, asymmetric composition, kitchen dragonmaid, adult woman, long straight red hair, cyan blue eyes, turquoise branching dragon horns, thick attached red dragon tail, brown long-sleeved maid dress, white ruffled bib apron, turquoise cuffs, coherent mansion interior, character visibly contacting nearby props, soft atmospheric depth","worst quality, low quality, normal quality, lowres, blurry, jpeg artifacts, text, watermark, logo, multiple views, collage, comic panels, duplicate person, extra person, cloned character, bad anatomy, bad hands, extra fingers, missing fingers, extra limbs, malformed limbs, long torso, floating tail, disconnected tail, missing tail, extra tail, missing horns, extra horns, wrong hair color, wrong costume, costume color error, inconsistent lighting, flat staging, pasted character, empty background, photorealistic, 3d render, card frame, trading card layout, nsfw, nude, lingerie"
小红,2,sdxl\waiIllustriousSDXL_v150.safetensors,dragonmaid_public_illustrious_v4\02_Kitchen_dragonmaid_illuXL_v1.1.safetensors,0.78,0.72,dpmpp_2m_sde,karras,28,4.8,202608290202,1216,832,DragonMaid/Unity_RPG_CG_20260829/02_Kitchen_小红/02,"masterpiece, best quality, high quality anime illustration, polished visual novel event CG, single coherent scene, expressive body language, natural perspective, clean lineart, soft cinematic lighting, clear foreground middle ground and background, unified anime style, caught taste-testing a spoonful of cream, cheeks flushed, looking aside with a defensive pout, medium shot, tabletop foreground framing, natural eye-line toward viewer, kitchen dragonmaid, adult woman, long straight red hair, cyan blue eyes, turquoise branching dragon horns, thick attached red dragon tail, brown long-sleeved maid dress, white ruffled bib apron, turquoise cuffs, coherent mansion interior, character visibly contacting nearby props, soft atmospheric depth","worst quality, low quality, normal quality, lowres, blurry, jpeg artifacts, text, watermark, logo, multiple views, collage, comic panels, duplicate person, extra person, cloned character, bad anatomy, bad hands, extra fingers, missing fingers, extra limbs, malformed limbs, long torso, floating tail, disconnected tail, missing tail, extra tail, missing horns, extra horns, wrong hair color, wrong costume, costume color error, inconsistent lighting, flat staging, pasted character, empty background, photorealistic, 3d render, card frame, trading card layout, nsfw, nude, lingerie"
小红,3,sdxl\waiIllustriousSDXL_v150.safetensors,dragonmaid_public_illustrious_v4\02_Kitchen_dragonmaid_illuXL_v1.1.safetensors,0.78,0.72,dpmpp_2m_sde,karras,28,4.8,202608290203,1216,832,DragonMaid/Unity_RPG_CG_20260829/02_Kitchen_小红/03,"masterpiece, best quality, high quality anime illustration, polished visual novel event CG, single coherent scene, expressive body language, natural perspective, clean lineart, soft cinematic lighting, clear foreground middle ground and background, unified anime style, reaching across a kitchen counter to stop a wobbling stack of plates, dynamic diagonal composition, three-quarter shot, over-shoulder discovery angle, layered foreground objects, kitchen dragonmaid, adult woman, long straight red hair, cyan blue eyes, turquoise branching dragon horns, thick attached red dragon tail, brown long-sleeved maid dress, white ruffled bib apron, turquoise cuffs, coherent mansion interior, character visibly contacting nearby props, soft atmospheric depth","worst quality, low quality, normal quality, lowres, blurry, jpeg artifacts, text, watermark, logo, multiple views, collage, comic panels, duplicate person, extra person, cloned character, bad anatomy, bad hands, extra fingers, missing fingers, extra limbs, malformed limbs, long torso, floating tail, disconnected tail, missing tail, extra tail, missing horns, extra horns, wrong hair color, wrong costume, costume color error, inconsistent lighting, flat staging, pasted character, empty background, photorealistic, 3d render, card frame, trading card layout, nsfw, nude, lingerie"
小红,4,sdxl\waiIllustriousSDXL_v150.safetensors,dragonmaid_public_illustrious_v4\02_Kitchen_dragonmaid_illuXL_v1.1.safetensors,0.78,0.72,dpmpp_2m_sde,karras,28,4.8,202608290204,1216,832,DragonMaid/Unity_RPG_CG_20260829/02_Kitchen_小红/04,"masterpiece, best quality, high quality anime illustration, polished visual novel event CG, single coherent scene, expressive body language, natural perspective, clean lineart, soft cinematic lighting, clear foreground middle ground and background, unified anime style, presenting a freshly baked tart toward the viewer, trying to look stern while visibly pleased, low-angle competence shot, controlled perspective, readable hands and costume, kitchen dragonmaid, adult woman, long straight red hair, cyan blue eyes, turquoise branching dragon horns, thick attached red dragon tail, brown long-sleeved maid dress, white ruffled bib apron, turquoise cuffs, coherent mansion interior, character visibly contacting nearby props, soft atmospheric depth","worst quality, low quality, normal quality, lowres, blurry, jpeg artifacts, text, watermark, logo, multiple views, collage, comic panels, duplicate person, extra person, cloned character, bad anatomy, bad hands, extra fingers, missing fingers, extra limbs, malformed limbs, long torso, floating tail, disconnected tail, missing tail, extra tail, missing horns, extra horns, wrong hair color, wrong costume, costume color error, inconsistent lighting, flat staging, pasted character, empty background, photorealistic, 3d render, card frame, trading card layout, nsfw, nude, lingerie"
小红,5,sdxl\waiIllustriousSDXL_v150.safetensors,dragonmaid_public_illustrious_v4\02_Kitchen_dragonmaid_illuXL_v1.1.safetensors,0.78,0.72,dpmpp_2m_sde,karras,28,4.8,202608290205,1216,832,DragonMaid/Unity_RPG_CG_20260829/02_Kitchen_小红/05,"masterpiece, best quality, high quality anime illustration, polished visual novel event CG, single coherent scene, expressive body language, natural perspective, clean lineart, soft cinematic lighting, clear foreground middle ground and background, unified anime style, kneading dough with rolled-up sleeves, focused eyes, flour dust suspended in warm side light, medium-long shot, window-side hesitation, strong light and shadow separation, kitchen dragonmaid, adult woman, long straight red hair, cyan blue eyes, turquoise branching dragon horns, thick attached red dragon tail, brown long-sleeved maid dress, white ruffled bib apron, turquoise cuffs, coherent mansion interior, character visibly contacting nearby props, soft atmospheric depth","worst quality, low quality, normal quality, lowres, blurry, jpeg artifacts, text, watermark, logo, multiple views, collage, comic panels, duplicate person, extra person, cloned character, bad anatomy, bad hands, extra fingers, missing fingers, extra limbs, malformed limbs, long torso, floating tail, disconnected tail, missing tail, extra tail, missing horns, extra horns, wrong hair color, wrong costume, costume color error, inconsistent lighting, flat staging, pasted character, empty background, photorealistic, 3d render, card frame, trading card layout, nsfw, nude, lingerie"
小红,6,sdxl\waiIllustriousSDXL_v150.safetensors,dragonmaid_public_illustrious_v4\02_Kitchen_dragonmaid_illuXL_v1.1.safetensors,0.78,0.72,dpmpp_2m_sde,karras,28,4.8,202608290206,1216,832,DragonMaid/Unity_RPG_CG_20260829/02_Kitchen_小红/06,"masterpiece, best quality, high quality anime illustration, polished visual novel event CG, single coherent scene, expressive body language, natural perspective, clean lineart, soft cinematic lighting, clear foreground middle ground and background, unified anime style, opening a pantry door and discovering the viewer stealing a snack, surprised raised eyebrow and crossed arms, dynamic three-quarter shot, motion crossing the frame, clear silhouette, kitchen dragonmaid, adult woman, long straight red hair, cyan blue eyes, turquoise branching dragon horns, thick attached red dragon tail, brown long-sleeved maid dress, white ruffled bib apron, turquoise cuffs, coherent mansion interior, character visibly contacting nearby props, soft atmospheric depth","worst quality, low quality, normal quality, lowres, blurry, jpeg artifacts, text, watermark, logo, multiple views, collage, comic panels, duplicate person, extra person, cloned character, bad anatomy, bad hands, extra fingers, missing fingers, extra limbs, malformed limbs, long torso, floating tail, disconnected tail, missing tail, extra tail, missing horns, extra horns, wrong hair color, wrong costume, costume color error, inconsistent lighting, flat staging, pasted character, empty background, photorealistic, 3d render, card frame, trading card layout, nsfw, nude, lingerie"
小红,7,sdxl\waiIllustriousSDXL_v150.safetensors,dragonmaid_public_illustrious_v4\02_Kitchen_dragonmaid_illuXL_v1.1.safetensors,0.78,0.72,dpmpp_2m_sde,karras,28,4.8,202608290207,1216,832,DragonMaid/Unity_RPG_CG_20260829/02_Kitchen_小红/07,"masterpiece, best quality, high quality anime illustration, polished visual novel event CG, single coherent scene, expressive body language, natural perspective, clean lineart, soft cinematic lighting, clear foreground middle ground and background, unified anime style, tying her apron bow before the morning shift, seen through a nearby hanging utensil foreground frame, seated compression composition, environmental props enclosing the frame, kitchen dragonmaid, adult woman, long straight red hair, cyan blue eyes, turquoise branching dragon horns, thick attached red dragon tail, brown long-sleeved maid dress, white ruffled bib apron, turquoise cuffs, coherent mansion interior, character visibly contacting nearby props, soft atmospheric depth","worst quality, low quality, normal quality, lowres, blurry, jpeg artifacts, text, watermark, logo, multiple views, collage, comic panels, duplicate person, extra person, cloned character, bad anatomy, bad hands, extra fingers, missing fingers, extra limbs, malformed limbs, long torso, floating tail, disconnected tail, missing tail, extra tail, missing horns, extra horns, wrong hair color, wrong costume, costume color error, inconsistent lighting, flat staging, pasted character, empty background, photorealistic, 3d render, card frame, trading card layout, nsfw, nude, lingerie"
小红,8,sdxl\waiIllustriousSDXL_v150.safetensors,dragonmaid_public_illustrious_v4\02_Kitchen_dragonmaid_illuXL_v1.1.safetensors,0.78,0.72,dpmpp_2m_sde,karras,28,4.8,202608290208,1216,832,DragonMaid/Unity_RPG_CG_20260829/02_Kitchen_小红/08,"masterpiece, best quality, high quality anime illustration, polished visual novel event CG, single coherent scene, expressive body language, natural perspective, clean lineart, soft cinematic lighting, clear foreground middle ground and background, unified anime style, carrying two hot dishes through a busy kitchen, decisive stride, tail counterbalancing the movement, intimate close-up aftermath, subtle off-screen interaction and expressive eyes, kitchen dragonmaid, adult woman, long straight red hair, cyan blue eyes, turquoise branching dragon horns, thick attached red dragon tail, brown long-sleeved maid dress, white ruffled bib apron, turquoise cuffs, coherent mansion interior, character visibly contacting nearby props, soft atmospheric depth","worst quality, low quality, normal quality, lowres, blurry, jpeg artifacts, text, watermark, logo, multiple views, collage, comic panels, duplicate person, extra person, cloned character, bad anatomy, bad hands, extra fingers, missing fingers, extra limbs, malformed limbs, long torso, floating tail, disconnected tail, missing tail, extra tail, missing horns, extra horns, wrong hair color, wrong costume, costume color error, inconsistent lighting, flat staging, pasted character, empty background, photorealistic, 3d render, card frame, trading card layout, nsfw, nude, lingerie"
小红,9,sdxl\waiIllustriousSDXL_v150.safetensors,dragonmaid_public_illustrious_v4\02_Kitchen_dragonmaid_illuXL_v1.1.safetensors,0.78,0.72,dpmpp_2m_sde,karras,28,4.8,202608290209,1216,832,DragonMaid/Unity_RPG_CG_20260829/02_Kitchen_小红/09,"masterpiece, best quality, high quality anime illustration, polished visual novel event CG, single coherent scene, expressive body language, natural perspective, clean lineart, soft cinematic lighting, clear foreground middle ground and background, unified anime style, sitting at the counter after work with a small cup of tea, embarrassed by sincere praise, shy smile, wide establishing event CG, character integrated into a lived-in interior, kitchen dragonmaid, adult woman, long straight red hair, cyan blue eyes, turquoise branching dragon horns, thick attached red dragon tail, brown long-sleeved maid dress, white ruffled bib apron, turquoise cuffs, coherent mansion interior, character visibly contacting nearby props, soft atmospheric depth","worst quality, low quality, normal quality, lowres, blurry, jpeg artifacts, text, watermark, logo, multiple views, collage, comic panels, duplicate person, extra person, cloned character, bad anatomy, bad hands, extra fingers, missing fingers, extra limbs, malformed limbs, long torso, floating tail, disconnected tail, missing tail, extra tail, missing horns, extra horns, wrong hair color, wrong costume, costume color error, inconsistent lighting, flat staging, pasted character, empty background, photorealistic, 3d render, card frame, trading card layout, nsfw, nude, lingerie"
小红,10,sdxl\waiIllustriousSDXL_v150.safetensors,dragonmaid_public_illustrious_v4\02_Kitchen_dragonmaid_illuXL_v1.1.safetensors,0.78,0.72,dpmpp_2m_sde,karras,28,4.8,202608290210,1216,832,DragonMaid/Unity_RPG_CG_20260829/02_Kitchen_小红/10,"masterpiece, best quality, high quality anime illustration, polished visual novel event CG, single coherent scene, expressive body language, natural perspective, clean lineart, soft cinematic lighting, clear foreground middle ground and background, unified anime style, turning from the stove as the first sunlight enters, soft tired expression and quietly intimate calm, medium close-up, foreground occlusion, cinematic depth and restrained emotion, kitchen dragonmaid, adult woman, long straight red hair, cyan blue eyes, turquoise branching dragon horns, thick attached red dragon tail, brown long-sleeved maid dress, white ruffled bib apron, turquoise cuffs, coherent mansion interior, character visibly contacting nearby props, soft atmospheric depth","worst quality, low quality, normal quality, lowres, blurry, jpeg artifacts, text, watermark, logo, multiple views, collage, comic panels, duplicate person, extra person, cloned character, bad anatomy, bad hands, extra fingers, missing fingers, extra limbs, malformed limbs, long torso, floating tail, disconnected tail, missing tail, extra tail, missing horns, extra horns, wrong hair color, wrong costume, costume color error, inconsistent lighting, flat staging, pasted character, empty background, photorealistic, 3d render, card frame, trading card layout, nsfw, nude, lingerie"
小绿,1,sdxl\waiIllustriousSDXL_v150.safetensors,dragonmaid_public_illustrious_v4\03_Parlor_dragonmaid_illuXL_v1.1.safetensors,0.78,0.72,dpmpp_2m_sde,karras,28,4.8,202608290301,1216,832,DragonMaid/Unity_RPG_CG_20260829/03_Parlor_小绿/01,"masterpiece, best quality, high quality anime illustration, polished visual novel event CG, single coherent scene, expressive body language, natural perspective, clean lineart, soft cinematic lighting, clear foreground middle ground and background, unified anime style, sliding a guest ledger across the reception counter, bright welcoming grin and lively posture, medium-wide event CG, doorway interruption framing, asymmetric composition, parlor dragonmaid, adult woman, short green hair with twin-tail silhouette, green dragon horns, complete attached leafy green dragon tail, black and white maid uniform, coherent mansion interior, character visibly contacting nearby props, soft atmospheric depth","worst quality, low quality, normal quality, lowres, blurry, jpeg artifacts, text, watermark, logo, multiple views, collage, comic panels, duplicate person, extra person, cloned character, bad anatomy, bad hands, extra fingers, missing fingers, extra limbs, malformed limbs, long torso, floating tail, disconnected tail, missing tail, extra tail, missing horns, extra horns, wrong hair color, wrong costume, costume color error, inconsistent lighting, flat staging, pasted character, empty background, photorealistic, 3d render, card frame, trading card layout, nsfw, nude, lingerie"
小绿,2,sdxl\waiIllustriousSDXL_v150.safetensors,dragonmaid_public_illustrious_v4\03_Parlor_dragonmaid_illuXL_v1.1.safetensors,0.78,0.72,dpmpp_2m_sde,karras,28,4.8,202608290302,1216,832,DragonMaid/Unity_RPG_CG_20260829/03_Parlor_小绿/02,"masterpiece, best quality, high quality anime illustration, polished visual novel event CG, single coherent scene, expressive body language, natural perspective, clean lineart, soft cinematic lighting, clear foreground middle ground and background, unified anime style, balancing a tray of colorful drinks while weaving between chairs, playful confidence, motion in skirt and tail, medium shot, tabletop foreground framing, natural eye-line toward viewer, parlor dragonmaid, adult woman, short green hair with twin-tail silhouette, green dragon horns, complete attached leafy green dragon tail, black and white maid uniform, coherent mansion interior, character visibly contacting nearby props, soft atmospheric depth","worst quality, low quality, normal quality, lowres, blurry, jpeg artifacts, text, watermark, logo, multiple views, collage, comic panels, duplicate person, extra person, cloned character, bad anatomy, bad hands, extra fingers, missing fingers, extra limbs, malformed limbs, long torso, floating tail, disconnected tail, missing tail, extra tail, missing horns, extra horns, wrong hair color, wrong costume, costume color error, inconsistent lighting, flat staging, pasted character, empty background, photorealistic, 3d render, card frame, trading card layout, nsfw, nude, lingerie"
小绿,3,sdxl\waiIllustriousSDXL_v150.safetensors,dragonmaid_public_illustrious_v4\03_Parlor_dragonmaid_illuXL_v1.1.safetensors,0.78,0.72,dpmpp_2m_sde,karras,28,4.8,202608290303,1216,832,DragonMaid/Unity_RPG_CG_20260829/03_Parlor_小绿/03,"masterpiece, best quality, high quality anime illustration, polished visual novel event CG, single coherent scene, expressive body language, natural perspective, clean lineart, soft cinematic lighting, clear foreground middle ground and background, unified anime style, peeking around a doorway with a stolen cookie, mischievous eyes and cheeks slightly puffed, three-quarter shot, over-shoulder discovery angle, layered foreground objects, parlor dragonmaid, adult woman, short green hair with twin-tail silhouette, green dragon horns, complete attached leafy green dragon tail, black and white maid uniform, coherent mansion interior, character visibly contacting nearby props, soft atmospheric depth","worst quality, low quality, normal quality, lowres, blurry, jpeg artifacts, text, watermark, logo, multiple views, collage, comic panels, duplicate person, extra person, cloned character, bad anatomy, bad hands, extra fingers, missing fingers, extra limbs, malformed limbs, long torso, floating tail, disconnected tail, missing tail, extra tail, missing horns, extra horns, wrong hair color, wrong costume, costume color error, inconsistent lighting, flat staging, pasted character, empty background, photorealistic, 3d render, card frame, trading card layout, nsfw, nude, lingerie"
小绿,4,sdxl\waiIllustriousSDXL_v150.safetensors,dragonmaid_public_illustrious_v4\03_Parlor_dragonmaid_illuXL_v1.1.safetensors,0.78,0.72,dpmpp_2m_sde,karras,28,4.8,202608290304,1216,832,DragonMaid/Unity_RPG_CG_20260829/03_Parlor_小绿/04,"masterpiece, best quality, high quality anime illustration, polished visual novel event CG, single coherent scene, expressive body language, natural perspective, clean lineart, soft cinematic lighting, clear foreground middle ground and background, unified anime style, pulling open heavy curtains in one energetic sweep, morning light flooding the parlor, low-angle competence shot, controlled perspective, readable hands and costume, parlor dragonmaid, adult woman, short green hair with twin-tail silhouette, green dragon horns, complete attached leafy green dragon tail, black and white maid uniform, coherent mansion interior, character visibly contacting nearby props, soft atmospheric depth","worst quality, low quality, normal quality, lowres, blurry, jpeg artifacts, text, watermark, logo, multiple views, collage, comic panels, duplicate person, extra person, cloned character, bad anatomy, bad hands, extra fingers, missing fingers, extra limbs, malformed limbs, long torso, floating tail, disconnected tail, missing tail, extra tail, missing horns, extra horns, wrong hair color, wrong costume, costume color error, inconsistent lighting, flat staging, pasted character, empty background, photorealistic, 3d render, card frame, trading card layout, nsfw, nude, lingerie"
小绿,5,sdxl\waiIllustriousSDXL_v150.safetensors,dragonmaid_public_illustrious_v4\03_Parlor_dragonmaid_illuXL_v1.1.safetensors,0.78,0.72,dpmpp_2m_sde,karras,28,4.8,202608290305,1216,832,DragonMaid/Unity_RPG_CG_20260829/03_Parlor_小绿/05,"masterpiece, best quality, high quality anime illustration, polished visual novel event CG, single coherent scene, expressive body language, natural perspective, clean lineart, soft cinematic lighting, clear foreground middle ground and background, unified anime style, pointing excitedly at a board-game victory on the table, triumphant teasing smile, medium-long shot, window-side hesitation, strong light and shadow separation, parlor dragonmaid, adult woman, short green hair with twin-tail silhouette, green dragon horns, complete attached leafy green dragon tail, black and white maid uniform, coherent mansion interior, character visibly contacting nearby props, soft atmospheric depth","worst quality, low quality, normal quality, lowres, blurry, jpeg artifacts, text, watermark, logo, multiple views, collage, comic panels, duplicate person, extra person, cloned character, bad anatomy, bad hands, extra fingers, missing fingers, extra limbs, malformed limbs, long torso, floating tail, disconnected tail, missing tail, extra tail, missing horns, extra horns, wrong hair color, wrong costume, costume color error, inconsistent lighting, flat staging, pasted character, empty background, photorealistic, 3d render, card frame, trading card layout, nsfw, nude, lingerie"
小绿,6,sdxl\waiIllustriousSDXL_v150.safetensors,dragonmaid_public_illustrious_v4\03_Parlor_dragonmaid_illuXL_v1.1.safetensors,0.78,0.72,dpmpp_2m_sde,karras,28,4.8,202608290306,1216,832,DragonMaid/Unity_RPG_CG_20260829/03_Parlor_小绿/06,"masterpiece, best quality, high quality anime illustration, polished visual novel event CG, single coherent scene, expressive body language, natural perspective, clean lineart, soft cinematic lighting, clear foreground middle ground and background, unified anime style, catching a cushion tossed from off screen, surprised laugh, body twisting naturally with the action, dynamic three-quarter shot, motion crossing the frame, clear silhouette, parlor dragonmaid, adult woman, short green hair with twin-tail silhouette, green dragon horns, complete attached leafy green dragon tail, black and white maid uniform, coherent mansion interior, character visibly contacting nearby props, soft atmospheric depth","worst quality, low quality, normal quality, lowres, blurry, jpeg artifacts, text, watermark, logo, multiple views, collage, comic panels, duplicate person, extra person, cloned character, bad anatomy, bad hands, extra fingers, missing fingers, extra limbs, malformed limbs, long torso, floating tail, disconnected tail, missing tail, extra tail, missing horns, extra horns, wrong hair color, wrong costume, costume color error, inconsistent lighting, flat staging, pasted character, empty background, photorealistic, 3d render, card frame, trading card layout, nsfw, nude, lingerie"
小绿,7,sdxl\waiIllustriousSDXL_v150.safetensors,dragonmaid_public_illustrious_v4\03_Parlor_dragonmaid_illuXL_v1.1.safetensors,0.78,0.72,dpmpp_2m_sde,karras,28,4.8,202608290307,1216,832,DragonMaid/Unity_RPG_CG_20260829/03_Parlor_小绿/07,"masterpiece, best quality, high quality anime illustration, polished visual novel event CG, single coherent scene, expressive body language, natural perspective, clean lineart, soft cinematic lighting, clear foreground middle ground and background, unified anime style, arranging fresh leaves and flowers in a vase, unusually focused gentle expression, seated compression composition, environmental props enclosing the frame, parlor dragonmaid, adult woman, short green hair with twin-tail silhouette, green dragon horns, complete attached leafy green dragon tail, black and white maid uniform, coherent mansion interior, character visibly contacting nearby props, soft atmospheric depth","worst quality, low quality, normal quality, lowres, blurry, jpeg artifacts, text, watermark, logo, multiple views, collage, comic panels, duplicate person, extra person, cloned character, bad anatomy, bad hands, extra fingers, missing fingers, extra limbs, malformed limbs, long torso, floating tail, disconnected tail, missing tail, extra tail, missing horns, extra horns, wrong hair color, wrong costume, costume color error, inconsistent lighting, flat staging, pasted character, empty background, photorealistic, 3d render, card frame, trading card layout, nsfw, nude, lingerie"
小绿,8,sdxl\waiIllustriousSDXL_v150.safetensors,dragonmaid_public_illustrious_v4\03_Parlor_dragonmaid_illuXL_v1.1.safetensors,0.78,0.72,dpmpp_2m_sde,karras,28,4.8,202608290308,1216,832,DragonMaid/Unity_RPG_CG_20260829/03_Parlor_小绿/08,"masterpiece, best quality, high quality anime illustration, polished visual novel event CG, single coherent scene, expressive body language, natural perspective, clean lineart, soft cinematic lighting, clear foreground middle ground and background, unified anime style, leaning over the sofa back to invite the viewer closer, friendly curiosity and strong foreground depth, intimate close-up aftermath, subtle off-screen interaction and expressive eyes, parlor dragonmaid, adult woman, short green hair with twin-tail silhouette, green dragon horns, complete attached leafy green dragon tail, black and white maid uniform, coherent mansion interior, character visibly contacting nearby props, soft atmospheric depth","worst quality, low quality, normal quality, lowres, blurry, jpeg artifacts, text, watermark, logo, multiple views, collage, comic panels, duplicate person, extra person, cloned character, bad anatomy, bad hands, extra fingers, missing fingers, extra limbs, malformed limbs, long torso, floating tail, disconnected tail, missing tail, extra tail, missing horns, extra horns, wrong hair color, wrong costume, costume color error, inconsistent lighting, flat staging, pasted character, empty background, photorealistic, 3d render, card frame, trading card layout, nsfw, nude, lingerie"
小绿,9,sdxl\waiIllustriousSDXL_v150.safetensors,dragonmaid_public_illustrious_v4\03_Parlor_dragonmaid_illuXL_v1.1.safetensors,0.78,0.72,dpmpp_2m_sde,karras,28,4.8,202608290309,1216,832,DragonMaid/Unity_RPG_CG_20260829/03_Parlor_小绿/09,"masterpiece, best quality, high quality anime illustration, polished visual novel event CG, single coherent scene, expressive body language, natural perspective, clean lineart, soft cinematic lighting, clear foreground middle ground and background, unified anime style, standing at the entrance in light rain, shaking droplets from an umbrella, amused and energetic expression, wide establishing event CG, character integrated into a lived-in interior, parlor dragonmaid, adult woman, short green hair with twin-tail silhouette, green dragon horns, complete attached leafy green dragon tail, black and white maid uniform, coherent mansion interior, character visibly contacting nearby props, soft atmospheric depth","worst quality, low quality, normal quality, lowres, blurry, jpeg artifacts, text, watermark, logo, multiple views, collage, comic panels, duplicate person, extra person, cloned character, bad anatomy, bad hands, extra fingers, missing fingers, extra limbs, malformed limbs, long torso, floating tail, disconnected tail, missing tail, extra tail, missing horns, extra horns, wrong hair color, wrong costume, costume color error, inconsistent lighting, flat staging, pasted character, empty background, photorealistic, 3d render, card frame, trading card layout, nsfw, nude, lingerie"
小绿,10,sdxl\waiIllustriousSDXL_v150.safetensors,dragonmaid_public_illustrious_v4\03_Parlor_dragonmaid_illuXL_v1.1.safetensors,0.78,0.72,dpmpp_2m_sde,karras,28,4.8,202608290310,1216,832,DragonMaid/Unity_RPG_CG_20260829/03_Parlor_小绿/10,"masterpiece, best quality, high quality anime illustration, polished visual novel event CG, single coherent scene, expressive body language, natural perspective, clean lineart, soft cinematic lighting, clear foreground middle ground and background, unified anime style, resting on the arm of a chair after closing time, savoring one last pastry with a content smile, medium close-up, foreground occlusion, cinematic depth and restrained emotion, parlor dragonmaid, adult woman, short green hair with twin-tail silhouette, green dragon horns, complete attached leafy green dragon tail, black and white maid uniform, coherent mansion interior, character visibly contacting nearby props, soft atmospheric depth","worst quality, low quality, normal quality, lowres, blurry, jpeg artifacts, text, watermark, logo, multiple views, collage, comic panels, duplicate person, extra person, cloned character, bad anatomy, bad hands, extra fingers, missing fingers, extra limbs, malformed limbs, long torso, floating tail, disconnected tail, missing tail, extra tail, missing horns, extra horns, wrong hair color, wrong costume, costume color error, inconsistent lighting, flat staging, pasted character, empty background, photorealistic, 3d render, card frame, trading card layout, nsfw, nude, lingerie"
小蓝,1,sdxl\waiIllustriousSDXL_v150.safetensors,dragonmaid_pilot20\04_Laundry_Laudry_SFW_ONLY-pilot20-r32.safetensors,0.78,0.72,dpmpp_2m_sde,karras,28,4.8,202608290401,1216,832,DragonMaid/Unity_RPG_CG_20260829/04_Laundry_小蓝/01,"masterpiece, best quality, high quality anime illustration, polished visual novel event CG, single coherent scene, expressive body language, natural perspective, clean lineart, soft cinematic lighting, clear foreground middle ground and background, unified anime style, hugging a pile of clean towels almost taller than herself, determined face, one sock slipping from the stack, medium-wide event CG, doorway interruption framing, asymmetric composition, laundry dragonmaid, young blue-haired dragon girl, short blue hair, small blue horns, blue and white laundry uniform, complete fluffy blue fish-like dragon tail, fully covered, wholesome, child-safe, coherent mansion interior, character visibly contacting nearby props, soft atmospheric depth","worst quality, low quality, normal quality, lowres, blurry, jpeg artifacts, text, watermark, logo, multiple views, collage, comic panels, duplicate person, extra person, cloned character, bad anatomy, bad hands, extra fingers, missing fingers, extra limbs, malformed limbs, long torso, floating tail, disconnected tail, missing tail, extra tail, missing horns, extra horns, wrong hair color, wrong costume, costume color error, inconsistent lighting, flat staging, pasted character, empty background, photorealistic, 3d render, card frame, trading card layout, nsfw, nude, lingerie"
小蓝,2,sdxl\waiIllustriousSDXL_v150.safetensors,dragonmaid_pilot20\04_Laundry_Laudry_SFW_ONLY-pilot20-r32.safetensors,0.78,0.72,dpmpp_2m_sde,karras,28,4.8,202608290402,1216,832,DragonMaid/Unity_RPG_CG_20260829/04_Laundry_小蓝/02,"masterpiece, best quality, high quality anime illustration, polished visual novel event CG, single coherent scene, expressive body language, natural perspective, clean lineart, soft cinematic lighting, clear foreground middle ground and background, unified anime style, surprised by a soap bubble landing on her nose, wide curious eyes and delighted smile, medium shot, tabletop foreground framing, natural eye-line toward viewer, laundry dragonmaid, young blue-haired dragon girl, short blue hair, small blue horns, blue and white laundry uniform, complete fluffy blue fish-like dragon tail, fully covered, wholesome, child-safe, coherent mansion interior, character visibly contacting nearby props, soft atmospheric depth","worst quality, low quality, normal quality, lowres, blurry, jpeg artifacts, text, watermark, logo, multiple views, collage, comic panels, duplicate person, extra person, cloned character, bad anatomy, bad hands, extra fingers, missing fingers, extra limbs, malformed limbs, long torso, floating tail, disconnected tail, missing tail, extra tail, missing horns, extra horns, wrong hair color, wrong costume, costume color error, inconsistent lighting, flat staging, pasted character, empty background, photorealistic, 3d render, card frame, trading card layout, nsfw, nude, lingerie"
小蓝,3,sdxl\waiIllustriousSDXL_v150.safetensors,dragonmaid_pilot20\04_Laundry_Laudry_SFW_ONLY-pilot20-r32.safetensors,0.78,0.72,dpmpp_2m_sde,karras,28,4.8,202608290403,1216,832,DragonMaid/Unity_RPG_CG_20260829/04_Laundry_小蓝/03,"masterpiece, best quality, high quality anime illustration, polished visual novel event CG, single coherent scene, expressive body language, natural perspective, clean lineart, soft cinematic lighting, clear foreground middle ground and background, unified anime style, carefully matching colorful socks on a low table, serious concentration in a cozy laundry room, three-quarter shot, over-shoulder discovery angle, layered foreground objects, laundry dragonmaid, young blue-haired dragon girl, short blue hair, small blue horns, blue and white laundry uniform, complete fluffy blue fish-like dragon tail, fully covered, wholesome, child-safe, coherent mansion interior, character visibly contacting nearby props, soft atmospheric depth","worst quality, low quality, normal quality, lowres, blurry, jpeg artifacts, text, watermark, logo, multiple views, collage, comic panels, duplicate person, extra person, cloned character, bad anatomy, bad hands, extra fingers, missing fingers, extra limbs, malformed limbs, long torso, floating tail, disconnected tail, missing tail, extra tail, missing horns, extra horns, wrong hair color, wrong costume, costume color error, inconsistent lighting, flat staging, pasted character, empty background, photorealistic, 3d render, card frame, trading card layout, nsfw, nude, lingerie"
小蓝,4,sdxl\waiIllustriousSDXL_v150.safetensors,dragonmaid_pilot20\04_Laundry_Laudry_SFW_ONLY-pilot20-r32.safetensors,0.78,0.72,dpmpp_2m_sde,karras,28,4.8,202608290404,1216,832,DragonMaid/Unity_RPG_CG_20260829/04_Laundry_小蓝/04,"masterpiece, best quality, high quality anime illustration, polished visual novel event CG, single coherent scene, expressive body language, natural perspective, clean lineart, soft cinematic lighting, clear foreground middle ground and background, unified anime style, running after a bedsheet caught by a breeze, playful action and fluttering fabric, safe cheerful scene, low-angle competence shot, controlled perspective, readable hands and costume, laundry dragonmaid, young blue-haired dragon girl, short blue hair, small blue horns, blue and white laundry uniform, complete fluffy blue fish-like dragon tail, fully covered, wholesome, child-safe, coherent mansion interior, character visibly contacting nearby props, soft atmospheric depth","worst quality, low quality, normal quality, lowres, blurry, jpeg artifacts, text, watermark, logo, multiple views, collage, comic panels, duplicate person, extra person, cloned character, bad anatomy, bad hands, extra fingers, missing fingers, extra limbs, malformed limbs, long torso, floating tail, disconnected tail, missing tail, extra tail, missing horns, extra horns, wrong hair color, wrong costume, costume color error, inconsistent lighting, flat staging, pasted character, empty background, photorealistic, 3d render, card frame, trading card layout, nsfw, nude, lingerie"
小蓝,5,sdxl\waiIllustriousSDXL_v150.safetensors,dragonmaid_pilot20\04_Laundry_Laudry_SFW_ONLY-pilot20-r32.safetensors,0.78,0.72,dpmpp_2m_sde,karras,28,4.8,202608290405,1216,832,DragonMaid/Unity_RPG_CG_20260829/04_Laundry_小蓝/05,"masterpiece, best quality, high quality anime illustration, polished visual novel event CG, single coherent scene, expressive body language, natural perspective, clean lineart, soft cinematic lighting, clear foreground middle ground and background, unified anime style, holding up a perfectly folded shirt with proud sparkling eyes, seeking approval from the viewer, medium-long shot, window-side hesitation, strong light and shadow separation, laundry dragonmaid, young blue-haired dragon girl, short blue hair, small blue horns, blue and white laundry uniform, complete fluffy blue fish-like dragon tail, fully covered, wholesome, child-safe, coherent mansion interior, character visibly contacting nearby props, soft atmospheric depth","worst quality, low quality, normal quality, lowres, blurry, jpeg artifacts, text, watermark, logo, multiple views, collage, comic panels, duplicate person, extra person, cloned character, bad anatomy, bad hands, extra fingers, missing fingers, extra limbs, malformed limbs, long torso, floating tail, disconnected tail, missing tail, extra tail, missing horns, extra horns, wrong hair color, wrong costume, costume color error, inconsistent lighting, flat staging, pasted character, empty background, photorealistic, 3d render, card frame, trading card layout, nsfw, nude, lingerie"
小蓝,6,sdxl\waiIllustriousSDXL_v150.safetensors,dragonmaid_pilot20\04_Laundry_Laudry_SFW_ONLY-pilot20-r32.safetensors,0.78,0.72,dpmpp_2m_sde,karras,28,4.8,202608290406,1216,832,DragonMaid/Unity_RPG_CG_20260829/04_Laundry_小蓝/06,"masterpiece, best quality, high quality anime illustration, polished visual novel event CG, single coherent scene, expressive body language, natural perspective, clean lineart, soft cinematic lighting, clear foreground middle ground and background, unified anime style, sitting beside a wash basket after finishing chores, sipping juice with a satisfied grin, dynamic three-quarter shot, motion crossing the frame, clear silhouette, laundry dragonmaid, young blue-haired dragon girl, short blue hair, small blue horns, blue and white laundry uniform, complete fluffy blue fish-like dragon tail, fully covered, wholesome, child-safe, coherent mansion interior, character visibly contacting nearby props, soft atmospheric depth","worst quality, low quality, normal quality, lowres, blurry, jpeg artifacts, text, watermark, logo, multiple views, collage, comic panels, duplicate person, extra person, cloned character, bad anatomy, bad hands, extra fingers, missing fingers, extra limbs, malformed limbs, long torso, floating tail, disconnected tail, missing tail, extra tail, missing horns, extra horns, wrong hair color, wrong costume, costume color error, inconsistent lighting, flat staging, pasted character, empty background, photorealistic, 3d render, card frame, trading card layout, nsfw, nude, lingerie"
小蓝,7,sdxl\waiIllustriousSDXL_v150.safetensors,dragonmaid_pilot20\04_Laundry_Laudry_SFW_ONLY-pilot20-r32.safetensors,0.78,0.72,dpmpp_2m_sde,karras,28,4.8,202608290407,1216,832,DragonMaid/Unity_RPG_CG_20260829/04_Laundry_小蓝/07,"masterpiece, best quality, high quality anime illustration, polished visual novel event CG, single coherent scene, expressive body language, natural perspective, clean lineart, soft cinematic lighting, clear foreground middle ground and background, unified anime style, peeking from behind a hanging sheet, harmless hide-and-seek expression and soft daylight, seated compression composition, environmental props enclosing the frame, laundry dragonmaid, young blue-haired dragon girl, short blue hair, small blue horns, blue and white laundry uniform, complete fluffy blue fish-like dragon tail, fully covered, wholesome, child-safe, coherent mansion interior, character visibly contacting nearby props, soft atmospheric depth","worst quality, low quality, normal quality, lowres, blurry, jpeg artifacts, text, watermark, logo, multiple views, collage, comic panels, duplicate person, extra person, cloned character, bad anatomy, bad hands, extra fingers, missing fingers, extra limbs, malformed limbs, long torso, floating tail, disconnected tail, missing tail, extra tail, missing horns, extra horns, wrong hair color, wrong costume, costume color error, inconsistent lighting, flat staging, pasted character, empty background, photorealistic, 3d render, card frame, trading card layout, nsfw, nude, lingerie"
小蓝,8,sdxl\waiIllustriousSDXL_v150.safetensors,dragonmaid_pilot20\04_Laundry_Laudry_SFW_ONLY-pilot20-r32.safetensors,0.78,0.72,dpmpp_2m_sde,karras,28,4.8,202608290408,1216,832,DragonMaid/Unity_RPG_CG_20260829/04_Laundry_小蓝/08,"masterpiece, best quality, high quality anime illustration, polished visual novel event CG, single coherent scene, expressive body language, natural perspective, clean lineart, soft cinematic lighting, clear foreground middle ground and background, unified anime style, using a small step stool to reach a shelf, supervised safe environment, focused expression, intimate close-up aftermath, subtle off-screen interaction and expressive eyes, laundry dragonmaid, young blue-haired dragon girl, short blue hair, small blue horns, blue and white laundry uniform, complete fluffy blue fish-like dragon tail, fully covered, wholesome, child-safe, coherent mansion interior, character visibly contacting nearby props, soft atmospheric depth","worst quality, low quality, normal quality, lowres, blurry, jpeg artifacts, text, watermark, logo, multiple views, collage, comic panels, duplicate person, extra person, cloned character, bad anatomy, bad hands, extra fingers, missing fingers, extra limbs, malformed limbs, long torso, floating tail, disconnected tail, missing tail, extra tail, missing horns, extra horns, wrong hair color, wrong costume, costume color error, inconsistent lighting, flat staging, pasted character, empty background, photorealistic, 3d render, card frame, trading card layout, nsfw, nude, lingerie"
小蓝,9,sdxl\waiIllustriousSDXL_v150.safetensors,dragonmaid_pilot20\04_Laundry_Laudry_SFW_ONLY-pilot20-r32.safetensors,0.78,0.72,dpmpp_2m_sde,karras,28,4.8,202608290409,1216,832,DragonMaid/Unity_RPG_CG_20260829/04_Laundry_小蓝/09,"masterpiece, best quality, high quality anime illustration, polished visual novel event CG, single coherent scene, expressive body language, natural perspective, clean lineart, soft cinematic lighting, clear foreground middle ground and background, unified anime style, offering a freshly dried blanket toward the viewer, warm friendly smile, fluffy tail visible and connected, wide establishing event CG, character integrated into a lived-in interior, laundry dragonmaid, young blue-haired dragon girl, short blue hair, small blue horns, blue and white laundry uniform, complete fluffy blue fish-like dragon tail, fully covered, wholesome, child-safe, coherent mansion interior, character visibly contacting nearby props, soft atmospheric depth","worst quality, low quality, normal quality, lowres, blurry, jpeg artifacts, text, watermark, logo, multiple views, collage, comic panels, duplicate person, extra person, cloned character, bad anatomy, bad hands, extra fingers, missing fingers, extra limbs, malformed limbs, long torso, floating tail, disconnected tail, missing tail, extra tail, missing horns, extra horns, wrong hair color, wrong costume, costume color error, inconsistent lighting, flat staging, pasted character, empty background, photorealistic, 3d render, card frame, trading card layout, nsfw, nude, lingerie"
小蓝,10,sdxl\waiIllustriousSDXL_v150.safetensors,dragonmaid_pilot20\04_Laundry_Laudry_SFW_ONLY-pilot20-r32.safetensors,0.78,0.72,dpmpp_2m_sde,karras,28,4.8,202608290410,1216,832,DragonMaid/Unity_RPG_CG_20260829/04_Laundry_小蓝/10,"masterpiece, best quality, high quality anime illustration, polished visual novel event CG, single coherent scene, expressive body language, natural perspective, clean lineart, soft cinematic lighting, clear foreground middle ground and background, unified anime style, falling asleep safely on folded blankets after work, peaceful childlike scene, fully covered, medium close-up, foreground occlusion, cinematic depth and restrained emotion, laundry dragonmaid, young blue-haired dragon girl, short blue hair, small blue horns, blue and white laundry uniform, complete fluffy blue fish-like dragon tail, fully covered, wholesome, child-safe, coherent mansion interior, character visibly contacting nearby props, soft atmospheric depth","worst quality, low quality, normal quality, lowres, blurry, jpeg artifacts, text, watermark, logo, multiple views, collage, comic panels, duplicate person, extra person, cloned character, bad anatomy, bad hands, extra fingers, missing fingers, extra limbs, malformed limbs, long torso, floating tail, disconnected tail, missing tail, extra tail, missing horns, extra horns, wrong hair color, wrong costume, costume color error, inconsistent lighting, flat staging, pasted character, empty background, photorealistic, 3d render, card frame, trading card layout, nsfw, nude, lingerie"
小粉,1,sdxl\waiIllustriousSDXL_v150.safetensors,dragonmaid_public_illustrious_v4\05_Nurse_dragonmaid_illuXL_v1.1.safetensors,0.78,0.72,dpmpp_2m_sde,karras,28,4.8,202608290501,1216,832,DragonMaid/Unity_RPG_CG_20260829/05_Nurse_小粉/01,"masterpiece, best quality, high quality anime illustration, polished visual novel event CG, single coherent scene, expressive body language, natural perspective, clean lineart, soft cinematic lighting, clear foreground middle ground and background, unified anime style, checking the viewer's temperature with the back of her hand, calm reassuring smile, intimate close framing, medium-wide event CG, doorway interruption framing, asymmetric composition, nurse dragonmaid, adult woman, pink hair, curved dragon horns, pink nurse maid uniform, complete attached pink dragon tail, gentle mature caretaker, coherent mansion interior, character visibly contacting nearby props, soft atmospheric depth","worst quality, low quality, normal quality, lowres, blurry, jpeg artifacts, text, watermark, logo, multiple views, collage, comic panels, duplicate person, extra person, cloned character, bad anatomy, bad hands, extra fingers, missing fingers, extra limbs, malformed limbs, long torso, floating tail, disconnected tail, missing tail, extra tail, missing horns, extra horns, wrong hair color, wrong costume, costume color error, inconsistent lighting, flat staging, pasted character, empty background, photorealistic, 3d render, card frame, trading card layout, nsfw, nude, lingerie"
小粉,2,sdxl\waiIllustriousSDXL_v150.safetensors,dragonmaid_public_illustrious_v4\05_Nurse_dragonmaid_illuXL_v1.1.safetensors,0.78,0.72,dpmpp_2m_sde,karras,28,4.8,202608290502,1216,832,DragonMaid/Unity_RPG_CG_20260829/05_Nurse_小粉/02,"masterpiece, best quality, high quality anime illustration, polished visual novel event CG, single coherent scene, expressive body language, natural perspective, clean lineart, soft cinematic lighting, clear foreground middle ground and background, unified anime style, preparing herbal tea at a bedside table, steam and warm lamp light connecting character and environment, medium shot, tabletop foreground framing, natural eye-line toward viewer, nurse dragonmaid, adult woman, pink hair, curved dragon horns, pink nurse maid uniform, complete attached pink dragon tail, gentle mature caretaker, coherent mansion interior, character visibly contacting nearby props, soft atmospheric depth","worst quality, low quality, normal quality, lowres, blurry, jpeg artifacts, text, watermark, logo, multiple views, collage, comic panels, duplicate person, extra person, cloned character, bad anatomy, bad hands, extra fingers, missing fingers, extra limbs, malformed limbs, long torso, floating tail, disconnected tail, missing tail, extra tail, missing horns, extra horns, wrong hair color, wrong costume, costume color error, inconsistent lighting, flat staging, pasted character, empty background, photorealistic, 3d render, card frame, trading card layout, nsfw, nude, lingerie"
小粉,3,sdxl\waiIllustriousSDXL_v150.safetensors,dragonmaid_public_illustrious_v4\05_Nurse_dragonmaid_illuXL_v1.1.safetensors,0.78,0.72,dpmpp_2m_sde,karras,28,4.8,202608290503,1216,832,DragonMaid/Unity_RPG_CG_20260829/05_Nurse_小粉/03,"masterpiece, best quality, high quality anime illustration, polished visual novel event CG, single coherent scene, expressive body language, natural perspective, clean lineart, soft cinematic lighting, clear foreground middle ground and background, unified anime style, catching a falling medicine bottle, startled eyes resolving into a relieved smile, dynamic hand action, three-quarter shot, over-shoulder discovery angle, layered foreground objects, nurse dragonmaid, adult woman, pink hair, curved dragon horns, pink nurse maid uniform, complete attached pink dragon tail, gentle mature caretaker, coherent mansion interior, character visibly contacting nearby props, soft atmospheric depth","worst quality, low quality, normal quality, lowres, blurry, jpeg artifacts, text, watermark, logo, multiple views, collage, comic panels, duplicate person, extra person, cloned character, bad anatomy, bad hands, extra fingers, missing fingers, extra limbs, malformed limbs, long torso, floating tail, disconnected tail, missing tail, extra tail, missing horns, extra horns, wrong hair color, wrong costume, costume color error, inconsistent lighting, flat staging, pasted character, empty background, photorealistic, 3d render, card frame, trading card layout, nsfw, nude, lingerie"
小粉,4,sdxl\waiIllustriousSDXL_v150.safetensors,dragonmaid_public_illustrious_v4\05_Nurse_dragonmaid_illuXL_v1.1.safetensors,0.78,0.72,dpmpp_2m_sde,karras,28,4.8,202608290504,1216,832,DragonMaid/Unity_RPG_CG_20260829/05_Nurse_小粉/04,"masterpiece, best quality, high quality anime illustration, polished visual novel event CG, single coherent scene, expressive body language, natural perspective, clean lineart, soft cinematic lighting, clear foreground middle ground and background, unified anime style, writing careful notes on a clipboard beside a sunlit window, thoughtful professional expression, low-angle competence shot, controlled perspective, readable hands and costume, nurse dragonmaid, adult woman, pink hair, curved dragon horns, pink nurse maid uniform, complete attached pink dragon tail, gentle mature caretaker, coherent mansion interior, character visibly contacting nearby props, soft atmospheric depth","worst quality, low quality, normal quality, lowres, blurry, jpeg artifacts, text, watermark, logo, multiple views, collage, comic panels, duplicate person, extra person, cloned character, bad anatomy, bad hands, extra fingers, missing fingers, extra limbs, malformed limbs, long torso, floating tail, disconnected tail, missing tail, extra tail, missing horns, extra horns, wrong hair color, wrong costume, costume color error, inconsistent lighting, flat staging, pasted character, empty background, photorealistic, 3d render, card frame, trading card layout, nsfw, nude, lingerie"
小粉,5,sdxl\waiIllustriousSDXL_v150.safetensors,dragonmaid_public_illustrious_v4\05_Nurse_dragonmaid_illuXL_v1.1.safetensors,0.78,0.72,dpmpp_2m_sde,karras,28,4.8,202608290505,1216,832,DragonMaid/Unity_RPG_CG_20260829/05_Nurse_小粉/05,"masterpiece, best quality, high quality anime illustration, polished visual novel event CG, single coherent scene, expressive body language, natural perspective, clean lineart, soft cinematic lighting, clear foreground middle ground and background, unified anime style, tucking a blanket around a resting patient, gentle downward gaze and soft protective posture, medium-long shot, window-side hesitation, strong light and shadow separation, nurse dragonmaid, adult woman, pink hair, curved dragon horns, pink nurse maid uniform, complete attached pink dragon tail, gentle mature caretaker, coherent mansion interior, character visibly contacting nearby props, soft atmospheric depth","worst quality, low quality, normal quality, lowres, blurry, jpeg artifacts, text, watermark, logo, multiple views, collage, comic panels, duplicate person, extra person, cloned character, bad anatomy, bad hands, extra fingers, missing fingers, extra limbs, malformed limbs, long torso, floating tail, disconnected tail, missing tail, extra tail, missing horns, extra horns, wrong hair color, wrong costume, costume color error, inconsistent lighting, flat staging, pasted character, empty background, photorealistic, 3d render, card frame, trading card layout, nsfw, nude, lingerie"
小粉,6,sdxl\waiIllustriousSDXL_v150.safetensors,dragonmaid_public_illustrious_v4\05_Nurse_dragonmaid_illuXL_v1.1.safetensors,0.78,0.72,dpmpp_2m_sde,karras,28,4.8,202608290506,1216,832,DragonMaid/Unity_RPG_CG_20260829/05_Nurse_小粉/06,"masterpiece, best quality, high quality anime illustration, polished visual novel event CG, single coherent scene, expressive body language, natural perspective, clean lineart, soft cinematic lighting, clear foreground middle ground and background, unified anime style, opening a cabinet of neatly labeled remedies, looking back to answer a question, over-shoulder composition, dynamic three-quarter shot, motion crossing the frame, clear silhouette, nurse dragonmaid, adult woman, pink hair, curved dragon horns, pink nurse maid uniform, complete attached pink dragon tail, gentle mature caretaker, coherent mansion interior, character visibly contacting nearby props, soft atmospheric depth","worst quality, low quality, normal quality, lowres, blurry, jpeg artifacts, text, watermark, logo, multiple views, collage, comic panels, duplicate person, extra person, cloned character, bad anatomy, bad hands, extra fingers, missing fingers, extra limbs, malformed limbs, long torso, floating tail, disconnected tail, missing tail, extra tail, missing horns, extra horns, wrong hair color, wrong costume, costume color error, inconsistent lighting, flat staging, pasted character, empty background, photorealistic, 3d render, card frame, trading card layout, nsfw, nude, lingerie"
小粉,7,sdxl\waiIllustriousSDXL_v150.safetensors,dragonmaid_public_illustrious_v4\05_Nurse_dragonmaid_illuXL_v1.1.safetensors,0.78,0.72,dpmpp_2m_sde,karras,28,4.8,202608290507,1216,832,DragonMaid/Unity_RPG_CG_20260829/05_Nurse_小粉/07,"masterpiece, best quality, high quality anime illustration, polished visual novel event CG, single coherent scene, expressive body language, natural perspective, clean lineart, soft cinematic lighting, clear foreground middle ground and background, unified anime style, guiding the viewer to sit down after dizziness, supportive arm gesture and concerned expression, seated compression composition, environmental props enclosing the frame, nurse dragonmaid, adult woman, pink hair, curved dragon horns, pink nurse maid uniform, complete attached pink dragon tail, gentle mature caretaker, coherent mansion interior, character visibly contacting nearby props, soft atmospheric depth","worst quality, low quality, normal quality, lowres, blurry, jpeg artifacts, text, watermark, logo, multiple views, collage, comic panels, duplicate person, extra person, cloned character, bad anatomy, bad hands, extra fingers, missing fingers, extra limbs, malformed limbs, long torso, floating tail, disconnected tail, missing tail, extra tail, missing horns, extra horns, wrong hair color, wrong costume, costume color error, inconsistent lighting, flat staging, pasted character, empty background, photorealistic, 3d render, card frame, trading card layout, nsfw, nude, lingerie"
小粉,8,sdxl\waiIllustriousSDXL_v150.safetensors,dragonmaid_public_illustrious_v4\05_Nurse_dragonmaid_illuXL_v1.1.safetensors,0.78,0.72,dpmpp_2m_sde,karras,28,4.8,202608290508,1216,832,DragonMaid/Unity_RPG_CG_20260829/05_Nurse_小粉/08,"masterpiece, best quality, high quality anime illustration, polished visual novel event CG, single coherent scene, expressive body language, natural perspective, clean lineart, soft cinematic lighting, clear foreground middle ground and background, unified anime style, holding a small bandage with a playful encouraging smile before treating a minor scratch, intimate close-up aftermath, subtle off-screen interaction and expressive eyes, nurse dragonmaid, adult woman, pink hair, curved dragon horns, pink nurse maid uniform, complete attached pink dragon tail, gentle mature caretaker, coherent mansion interior, character visibly contacting nearby props, soft atmospheric depth","worst quality, low quality, normal quality, lowres, blurry, jpeg artifacts, text, watermark, logo, multiple views, collage, comic panels, duplicate person, extra person, cloned character, bad anatomy, bad hands, extra fingers, missing fingers, extra limbs, malformed limbs, long torso, floating tail, disconnected tail, missing tail, extra tail, missing horns, extra horns, wrong hair color, wrong costume, costume color error, inconsistent lighting, flat staging, pasted character, empty background, photorealistic, 3d render, card frame, trading card layout, nsfw, nude, lingerie"
小粉,9,sdxl\waiIllustriousSDXL_v150.safetensors,dragonmaid_public_illustrious_v4\05_Nurse_dragonmaid_illuXL_v1.1.safetensors,0.78,0.72,dpmpp_2m_sde,karras,28,4.8,202608290509,1216,832,DragonMaid/Unity_RPG_CG_20260829/05_Nurse_小粉/09,"masterpiece, best quality, high quality anime illustration, polished visual novel event CG, single coherent scene, expressive body language, natural perspective, clean lineart, soft cinematic lighting, clear foreground middle ground and background, unified anime style, resting her elbows on the desk after a long shift, tired but warm smile in quiet evening light, wide establishing event CG, character integrated into a lived-in interior, nurse dragonmaid, adult woman, pink hair, curved dragon horns, pink nurse maid uniform, complete attached pink dragon tail, gentle mature caretaker, coherent mansion interior, character visibly contacting nearby props, soft atmospheric depth","worst quality, low quality, normal quality, lowres, blurry, jpeg artifacts, text, watermark, logo, multiple views, collage, comic panels, duplicate person, extra person, cloned character, bad anatomy, bad hands, extra fingers, missing fingers, extra limbs, malformed limbs, long torso, floating tail, disconnected tail, missing tail, extra tail, missing horns, extra horns, wrong hair color, wrong costume, costume color error, inconsistent lighting, flat staging, pasted character, empty background, photorealistic, 3d render, card frame, trading card layout, nsfw, nude, lingerie"
小粉,10,sdxl\waiIllustriousSDXL_v150.safetensors,dragonmaid_public_illustrious_v4\05_Nurse_dragonmaid_illuXL_v1.1.safetensors,0.78,0.72,dpmpp_2m_sde,karras,28,4.8,202608290510,1216,832,DragonMaid/Unity_RPG_CG_20260829/05_Nurse_小粉/10,"masterpiece, best quality, high quality anime illustration, polished visual novel event CG, single coherent scene, expressive body language, natural perspective, clean lineart, soft cinematic lighting, clear foreground middle ground and background, unified anime style, standing in the doorway with a tray of soup, relieved expression after seeing the patient awake, medium close-up, foreground occlusion, cinematic depth and restrained emotion, nurse dragonmaid, adult woman, pink hair, curved dragon horns, pink nurse maid uniform, complete attached pink dragon tail, gentle mature caretaker, coherent mansion interior, character visibly contacting nearby props, soft atmospheric depth","worst quality, low quality, normal quality, lowres, blurry, jpeg artifacts, text, watermark, logo, multiple views, collage, comic panels, duplicate person, extra person, cloned character, bad anatomy, bad hands, extra fingers, missing fingers, extra limbs, malformed limbs, long torso, floating tail, disconnected tail, missing tail, extra tail, missing horns, extra horns, wrong hair color, wrong costume, costume color error, inconsistent lighting, flat staging, pasted character, empty background, photorealistic, 3d render, card frame, trading card layout, nsfw, nude, lingerie"
小金,1,sdxl\waiIllustriousSDXL_v150.safetensors,dragonmaid_public_illustrious_v4\06_Latys_dragonmaid_illuXL_v2.safetensors,0.78,0.72,dpmpp_2m_sde,karras,28,4.8,202608290601,1216,832,DragonMaid/Unity_RPG_CG_20260829/06_Latys_小金/01,"masterpiece, best quality, high quality anime illustration, polished visual novel event CG, single coherent scene, expressive body language, natural perspective, clean lineart, soft cinematic lighting, clear foreground middle ground and background, unified anime style, making a graceful formal greeting in the mansion foyer, subtle mischievous smile hidden in her eyes, medium-wide event CG, doorway interruption framing, asymmetric composition, dragonmaid latys, adult noble maid, blonde hair with elegant bangs, golden dragon horns, elegant maid dress, complete attached golden dragon tail, refined aristocratic bearing, coherent mansion interior, character visibly contacting nearby props, soft atmospheric depth","worst quality, low quality, normal quality, lowres, blurry, jpeg artifacts, text, watermark, logo, multiple views, collage, comic panels, duplicate person, extra person, cloned character, bad anatomy, bad hands, extra fingers, missing fingers, extra limbs, malformed limbs, long torso, floating tail, disconnected tail, missing tail, extra tail, missing horns, extra horns, wrong hair color, wrong costume, costume color error, inconsistent lighting, flat staging, pasted character, empty background, photorealistic, 3d render, card frame, trading card layout, nsfw, nude, lingerie"
小金,2,sdxl\waiIllustriousSDXL_v150.safetensors,dragonmaid_public_illustrious_v4\06_Latys_dragonmaid_illuXL_v2.safetensors,0.78,0.72,dpmpp_2m_sde,karras,28,4.8,202608290602,1216,832,DragonMaid/Unity_RPG_CG_20260829/06_Latys_小金/02,"masterpiece, best quality, high quality anime illustration, polished visual novel event CG, single coherent scene, expressive body language, natural perspective, clean lineart, soft cinematic lighting, clear foreground middle ground and background, unified anime style, placing a chess piece with confident elegance, low tabletop angle and deliberate hand gesture, medium shot, tabletop foreground framing, natural eye-line toward viewer, dragonmaid latys, adult noble maid, blonde hair with elegant bangs, golden dragon horns, elegant maid dress, complete attached golden dragon tail, refined aristocratic bearing, coherent mansion interior, character visibly contacting nearby props, soft atmospheric depth","worst quality, low quality, normal quality, lowres, blurry, jpeg artifacts, text, watermark, logo, multiple views, collage, comic panels, duplicate person, extra person, cloned character, bad anatomy, bad hands, extra fingers, missing fingers, extra limbs, malformed limbs, long torso, floating tail, disconnected tail, missing tail, extra tail, missing horns, extra horns, wrong hair color, wrong costume, costume color error, inconsistent lighting, flat staging, pasted character, empty background, photorealistic, 3d render, card frame, trading card layout, nsfw, nude, lingerie"
小金,3,sdxl\waiIllustriousSDXL_v150.safetensors,dragonmaid_public_illustrious_v4\06_Latys_dragonmaid_illuXL_v2.safetensors,0.78,0.72,dpmpp_2m_sde,karras,28,4.8,202608290603,1216,832,DragonMaid/Unity_RPG_CG_20260829/06_Latys_小金/03,"masterpiece, best quality, high quality anime illustration, polished visual novel event CG, single coherent scene, expressive body language, natural perspective, clean lineart, soft cinematic lighting, clear foreground middle ground and background, unified anime style, pretending not to understand a simple household tool, innocent expression with barely concealed amusement, three-quarter shot, over-shoulder discovery angle, layered foreground objects, dragonmaid latys, adult noble maid, blonde hair with elegant bangs, golden dragon horns, elegant maid dress, complete attached golden dragon tail, refined aristocratic bearing, coherent mansion interior, character visibly contacting nearby props, soft atmospheric depth","worst quality, low quality, normal quality, lowres, blurry, jpeg artifacts, text, watermark, logo, multiple views, collage, comic panels, duplicate person, extra person, cloned character, bad anatomy, bad hands, extra fingers, missing fingers, extra limbs, malformed limbs, long torso, floating tail, disconnected tail, missing tail, extra tail, missing horns, extra horns, wrong hair color, wrong costume, costume color error, inconsistent lighting, flat staging, pasted character, empty background, photorealistic, 3d render, card frame, trading card layout, nsfw, nude, lingerie"
小金,4,sdxl\waiIllustriousSDXL_v150.safetensors,dragonmaid_public_illustrious_v4\06_Latys_dragonmaid_illuXL_v2.safetensors,0.78,0.72,dpmpp_2m_sde,karras,28,4.8,202608290604,1216,832,DragonMaid/Unity_RPG_CG_20260829/06_Latys_小金/04,"masterpiece, best quality, high quality anime illustration, polished visual novel event CG, single coherent scene, expressive body language, natural perspective, clean lineart, soft cinematic lighting, clear foreground middle ground and background, unified anime style, turning mid-dance step in an empty hall, skirt and hair following a controlled elegant arc, low-angle competence shot, controlled perspective, readable hands and costume, dragonmaid latys, adult noble maid, blonde hair with elegant bangs, golden dragon horns, elegant maid dress, complete attached golden dragon tail, refined aristocratic bearing, coherent mansion interior, character visibly contacting nearby props, soft atmospheric depth","worst quality, low quality, normal quality, lowres, blurry, jpeg artifacts, text, watermark, logo, multiple views, collage, comic panels, duplicate person, extra person, cloned character, bad anatomy, bad hands, extra fingers, missing fingers, extra limbs, malformed limbs, long torso, floating tail, disconnected tail, missing tail, extra tail, missing horns, extra horns, wrong hair color, wrong costume, costume color error, inconsistent lighting, flat staging, pasted character, empty background, photorealistic, 3d render, card frame, trading card layout, nsfw, nude, lingerie"
小金,5,sdxl\waiIllustriousSDXL_v150.safetensors,dragonmaid_public_illustrious_v4\06_Latys_dragonmaid_illuXL_v2.safetensors,0.78,0.72,dpmpp_2m_sde,karras,28,4.8,202608290605,1216,832,DragonMaid/Unity_RPG_CG_20260829/06_Latys_小金/05,"masterpiece, best quality, high quality anime illustration, polished visual novel event CG, single coherent scene, expressive body language, natural perspective, clean lineart, soft cinematic lighting, clear foreground middle ground and background, unified anime style, holding a sealed letter behind her back while smiling sweetly, playful secretive body language, medium-long shot, window-side hesitation, strong light and shadow separation, dragonmaid latys, adult noble maid, blonde hair with elegant bangs, golden dragon horns, elegant maid dress, complete attached golden dragon tail, refined aristocratic bearing, coherent mansion interior, character visibly contacting nearby props, soft atmospheric depth","worst quality, low quality, normal quality, lowres, blurry, jpeg artifacts, text, watermark, logo, multiple views, collage, comic panels, duplicate person, extra person, cloned character, bad anatomy, bad hands, extra fingers, missing fingers, extra limbs, malformed limbs, long torso, floating tail, disconnected tail, missing tail, extra tail, missing horns, extra horns, wrong hair color, wrong costume, costume color error, inconsistent lighting, flat staging, pasted character, empty background, photorealistic, 3d render, card frame, trading card layout, nsfw, nude, lingerie"
小金,6,sdxl\waiIllustriousSDXL_v150.safetensors,dragonmaid_public_illustrious_v4\06_Latys_dragonmaid_illuXL_v2.safetensors,0.78,0.72,dpmpp_2m_sde,karras,28,4.8,202608290606,1216,832,DragonMaid/Unity_RPG_CG_20260829/06_Latys_小金/06,"masterpiece, best quality, high quality anime illustration, polished visual novel event CG, single coherent scene, expressive body language, natural perspective, clean lineart, soft cinematic lighting, clear foreground middle ground and background, unified anime style, pouring tea with flawless posture, glancing toward the viewer as if planning a harmless prank, dynamic three-quarter shot, motion crossing the frame, clear silhouette, dragonmaid latys, adult noble maid, blonde hair with elegant bangs, golden dragon horns, elegant maid dress, complete attached golden dragon tail, refined aristocratic bearing, coherent mansion interior, character visibly contacting nearby props, soft atmospheric depth","worst quality, low quality, normal quality, lowres, blurry, jpeg artifacts, text, watermark, logo, multiple views, collage, comic panels, duplicate person, extra person, cloned character, bad anatomy, bad hands, extra fingers, missing fingers, extra limbs, malformed limbs, long torso, floating tail, disconnected tail, missing tail, extra tail, missing horns, extra horns, wrong hair color, wrong costume, costume color error, inconsistent lighting, flat staging, pasted character, empty background, photorealistic, 3d render, card frame, trading card layout, nsfw, nude, lingerie"
小金,7,sdxl\waiIllustriousSDXL_v150.safetensors,dragonmaid_public_illustrious_v4\06_Latys_dragonmaid_illuXL_v2.safetensors,0.78,0.72,dpmpp_2m_sde,karras,28,4.8,202608290607,1216,832,DragonMaid/Unity_RPG_CG_20260829/06_Latys_小金/07,"masterpiece, best quality, high quality anime illustration, polished visual novel event CG, single coherent scene, expressive body language, natural perspective, clean lineart, soft cinematic lighting, clear foreground middle ground and background, unified anime style, examining a small jewel near a window, reflected gold light outlining her horns and hair, seated compression composition, environmental props enclosing the frame, dragonmaid latys, adult noble maid, blonde hair with elegant bangs, golden dragon horns, elegant maid dress, complete attached golden dragon tail, refined aristocratic bearing, coherent mansion interior, character visibly contacting nearby props, soft atmospheric depth","worst quality, low quality, normal quality, lowres, blurry, jpeg artifacts, text, watermark, logo, multiple views, collage, comic panels, duplicate person, extra person, cloned character, bad anatomy, bad hands, extra fingers, missing fingers, extra limbs, malformed limbs, long torso, floating tail, disconnected tail, missing tail, extra tail, missing horns, extra horns, wrong hair color, wrong costume, costume color error, inconsistent lighting, flat staging, pasted character, empty background, photorealistic, 3d render, card frame, trading card layout, nsfw, nude, lingerie"
小金,8,sdxl\waiIllustriousSDXL_v150.safetensors,dragonmaid_public_illustrious_v4\06_Latys_dragonmaid_illuXL_v2.safetensors,0.78,0.72,dpmpp_2m_sde,karras,28,4.8,202608290608,1216,832,DragonMaid/Unity_RPG_CG_20260829/06_Latys_小金/08,"masterpiece, best quality, high quality anime illustration, polished visual novel event CG, single coherent scene, expressive body language, natural perspective, clean lineart, soft cinematic lighting, clear foreground middle ground and background, unified anime style, offering her hand to help the viewer stand, noble confidence and close perspective, intimate close-up aftermath, subtle off-screen interaction and expressive eyes, dragonmaid latys, adult noble maid, blonde hair with elegant bangs, golden dragon horns, elegant maid dress, complete attached golden dragon tail, refined aristocratic bearing, coherent mansion interior, character visibly contacting nearby props, soft atmospheric depth","worst quality, low quality, normal quality, lowres, blurry, jpeg artifacts, text, watermark, logo, multiple views, collage, comic panels, duplicate person, extra person, cloned character, bad anatomy, bad hands, extra fingers, missing fingers, extra limbs, malformed limbs, long torso, floating tail, disconnected tail, missing tail, extra tail, missing horns, extra horns, wrong hair color, wrong costume, costume color error, inconsistent lighting, flat staging, pasted character, empty background, photorealistic, 3d render, card frame, trading card layout, nsfw, nude, lingerie"
小金,9,sdxl\waiIllustriousSDXL_v150.safetensors,dragonmaid_public_illustrious_v4\06_Latys_dragonmaid_illuXL_v2.safetensors,0.78,0.72,dpmpp_2m_sde,karras,28,4.8,202608290609,1216,832,DragonMaid/Unity_RPG_CG_20260829/06_Latys_小金/09,"masterpiece, best quality, high quality anime illustration, polished visual novel event CG, single coherent scene, expressive body language, natural perspective, clean lineart, soft cinematic lighting, clear foreground middle ground and background, unified anime style, caught after a prank, hands raised in elegant surrender, surprised blush and amused smile, wide establishing event CG, character integrated into a lived-in interior, dragonmaid latys, adult noble maid, blonde hair with elegant bangs, golden dragon horns, elegant maid dress, complete attached golden dragon tail, refined aristocratic bearing, coherent mansion interior, character visibly contacting nearby props, soft atmospheric depth","worst quality, low quality, normal quality, lowres, blurry, jpeg artifacts, text, watermark, logo, multiple views, collage, comic panels, duplicate person, extra person, cloned character, bad anatomy, bad hands, extra fingers, missing fingers, extra limbs, malformed limbs, long torso, floating tail, disconnected tail, missing tail, extra tail, missing horns, extra horns, wrong hair color, wrong costume, costume color error, inconsistent lighting, flat staging, pasted character, empty background, photorealistic, 3d render, card frame, trading card layout, nsfw, nude, lingerie"
小金,10,sdxl\waiIllustriousSDXL_v150.safetensors,dragonmaid_public_illustrious_v4\06_Latys_dragonmaid_illuXL_v2.safetensors,0.78,0.72,dpmpp_2m_sde,karras,28,4.8,202608290610,1216,832,DragonMaid/Unity_RPG_CG_20260829/06_Latys_小金/10,"masterpiece, best quality, high quality anime illustration, polished visual novel event CG, single coherent scene, expressive body language, natural perspective, clean lineart, soft cinematic lighting, clear foreground middle ground and background, unified anime style, seated on a balcony after sunset, relaxed posture and a rare sincere gentle expression, medium close-up, foreground occlusion, cinematic depth and restrained emotion, dragonmaid latys, adult noble maid, blonde hair with elegant bangs, golden dragon horns, elegant maid dress, complete attached golden dragon tail, refined aristocratic bearing, coherent mansion interior, character visibly contacting nearby props, soft atmospheric depth","worst quality, low quality, normal quality, lowres, blurry, jpeg artifacts, text, watermark, logo, multiple views, collage, comic panels, duplicate person, extra person, cloned character, bad anatomy, bad hands, extra fingers, missing fingers, extra limbs, malformed limbs, long torso, floating tail, disconnected tail, missing tail, extra tail, missing horns, extra horns, wrong hair color, wrong costume, costume color error, inconsistent lighting, flat staging, pasted character, empty background, photorealistic, 3d render, card frame, trading card layout, nsfw, nude, lingerie"
小黑,1,sdxl\waiIllustriousSDXL_v150.safetensors,dragonmaid_public_illustrious_v4\07_Chamber_dragonmaid_illuXL_v1.1.safetensors,0.78,0.72,dpmpp_2m_sde,karras,28,4.8,202608290701,1216,832,DragonMaid/Unity_RPG_CG_20260829/07_Chamber_小黑/01,"masterpiece, best quality, high quality anime illustration, polished visual novel event CG, single coherent scene, expressive body language, natural perspective, clean lineart, soft cinematic lighting, clear foreground middle ground and background, unified anime style, dusting a bookshelf with a feather duster, glancing back after hearing the viewer enter, reserved expression, medium-wide event CG, doorway interruption framing, asymmetric composition, chamber dragonmaid, adult woman, long white hair, black dragon horns, black and white bedroom maid uniform, complete attached dark dragon tail, quiet reserved demeanor, coherent mansion interior, character visibly contacting nearby props, soft atmospheric depth","worst quality, low quality, normal quality, lowres, blurry, jpeg artifacts, text, watermark, logo, multiple views, collage, comic panels, duplicate person, extra person, cloned character, bad anatomy, bad hands, extra fingers, missing fingers, extra limbs, malformed limbs, long torso, floating tail, disconnected tail, missing tail, extra tail, missing horns, extra horns, wrong hair color, wrong costume, costume color error, inconsistent lighting, flat staging, pasted character, empty background, photorealistic, 3d render, card frame, trading card layout, nsfw, nude, lingerie"
小黑,2,sdxl\waiIllustriousSDXL_v150.safetensors,dragonmaid_public_illustrious_v4\07_Chamber_dragonmaid_illuXL_v1.1.safetensors,0.78,0.72,dpmpp_2m_sde,karras,28,4.8,202608290702,1216,832,DragonMaid/Unity_RPG_CG_20260829/07_Chamber_小黑/02,"masterpiece, best quality, high quality anime illustration, polished visual novel event CG, single coherent scene, expressive body language, natural perspective, clean lineart, soft cinematic lighting, clear foreground middle ground and background, unified anime style, folding a blanket on the bed with precise hands, soft side light and careful focused gaze, medium shot, tabletop foreground framing, natural eye-line toward viewer, chamber dragonmaid, adult woman, long white hair, black dragon horns, black and white bedroom maid uniform, complete attached dark dragon tail, quiet reserved demeanor, coherent mansion interior, character visibly contacting nearby props, soft atmospheric depth","worst quality, low quality, normal quality, lowres, blurry, jpeg artifacts, text, watermark, logo, multiple views, collage, comic panels, duplicate person, extra person, cloned character, bad anatomy, bad hands, extra fingers, missing fingers, extra limbs, malformed limbs, long torso, floating tail, disconnected tail, missing tail, extra tail, missing horns, extra horns, wrong hair color, wrong costume, costume color error, inconsistent lighting, flat staging, pasted character, empty background, photorealistic, 3d render, card frame, trading card layout, nsfw, nude, lingerie"
小黑,3,sdxl\waiIllustriousSDXL_v150.safetensors,dragonmaid_public_illustrious_v4\07_Chamber_dragonmaid_illuXL_v1.1.safetensors,0.78,0.72,dpmpp_2m_sde,karras,28,4.8,202608290703,1216,832,DragonMaid/Unity_RPG_CG_20260829/07_Chamber_小黑/03,"masterpiece, best quality, high quality anime illustration, polished visual novel event CG, single coherent scene, expressive body language, natural perspective, clean lineart, soft cinematic lighting, clear foreground middle ground and background, unified anime style, caught quietly smelling a freshly laundered scarf, startled blush and embarrassed avoidance, three-quarter shot, over-shoulder discovery angle, layered foreground objects, chamber dragonmaid, adult woman, long white hair, black dragon horns, black and white bedroom maid uniform, complete attached dark dragon tail, quiet reserved demeanor, coherent mansion interior, character visibly contacting nearby props, soft atmospheric depth","worst quality, low quality, normal quality, lowres, blurry, jpeg artifacts, text, watermark, logo, multiple views, collage, comic panels, duplicate person, extra person, cloned character, bad anatomy, bad hands, extra fingers, missing fingers, extra limbs, malformed limbs, long torso, floating tail, disconnected tail, missing tail, extra tail, missing horns, extra horns, wrong hair color, wrong costume, costume color error, inconsistent lighting, flat staging, pasted character, empty background, photorealistic, 3d render, card frame, trading card layout, nsfw, nude, lingerie"
小黑,4,sdxl\waiIllustriousSDXL_v150.safetensors,dragonmaid_public_illustrious_v4\07_Chamber_dragonmaid_illuXL_v1.1.safetensors,0.78,0.72,dpmpp_2m_sde,karras,28,4.8,202608290704,1216,832,DragonMaid/Unity_RPG_CG_20260829/07_Chamber_小黑/04,"masterpiece, best quality, high quality anime illustration, polished visual novel event CG, single coherent scene, expressive body language, natural perspective, clean lineart, soft cinematic lighting, clear foreground middle ground and background, unified anime style, opening the bedroom curtains at dawn, white hair glowing at the edges, calm silhouette and connected tail, low-angle competence shot, controlled perspective, readable hands and costume, chamber dragonmaid, adult woman, long white hair, black dragon horns, black and white bedroom maid uniform, complete attached dark dragon tail, quiet reserved demeanor, coherent mansion interior, character visibly contacting nearby props, soft atmospheric depth","worst quality, low quality, normal quality, lowres, blurry, jpeg artifacts, text, watermark, logo, multiple views, collage, comic panels, duplicate person, extra person, cloned character, bad anatomy, bad hands, extra fingers, missing fingers, extra limbs, malformed limbs, long torso, floating tail, disconnected tail, missing tail, extra tail, missing horns, extra horns, wrong hair color, wrong costume, costume color error, inconsistent lighting, flat staging, pasted character, empty background, photorealistic, 3d render, card frame, trading card layout, nsfw, nude, lingerie"
小黑,5,sdxl\waiIllustriousSDXL_v150.safetensors,dragonmaid_public_illustrious_v4\07_Chamber_dragonmaid_illuXL_v1.1.safetensors,0.78,0.72,dpmpp_2m_sde,karras,28,4.8,202608290705,1216,832,DragonMaid/Unity_RPG_CG_20260829/07_Chamber_小黑/05,"masterpiece, best quality, high quality anime illustration, polished visual novel event CG, single coherent scene, expressive body language, natural perspective, clean lineart, soft cinematic lighting, clear foreground middle ground and background, unified anime style, kneeling to retrieve a book under the bed, looking up with surprised eyes, strong foreground depth, medium-long shot, window-side hesitation, strong light and shadow separation, chamber dragonmaid, adult woman, long white hair, black dragon horns, black and white bedroom maid uniform, complete attached dark dragon tail, quiet reserved demeanor, coherent mansion interior, character visibly contacting nearby props, soft atmospheric depth","worst quality, low quality, normal quality, lowres, blurry, jpeg artifacts, text, watermark, logo, multiple views, collage, comic panels, duplicate person, extra person, cloned character, bad anatomy, bad hands, extra fingers, missing fingers, extra limbs, malformed limbs, long torso, floating tail, disconnected tail, missing tail, extra tail, missing horns, extra horns, wrong hair color, wrong costume, costume color error, inconsistent lighting, flat staging, pasted character, empty background, photorealistic, 3d render, card frame, trading card layout, nsfw, nude, lingerie"
小黑,6,sdxl\waiIllustriousSDXL_v150.safetensors,dragonmaid_public_illustrious_v4\07_Chamber_dragonmaid_illuXL_v1.1.safetensors,0.78,0.72,dpmpp_2m_sde,karras,28,4.8,202608290706,1216,832,DragonMaid/Unity_RPG_CG_20260829/07_Chamber_小黑/06,"masterpiece, best quality, high quality anime illustration, polished visual novel event CG, single coherent scene, expressive body language, natural perspective, clean lineart, soft cinematic lighting, clear foreground middle ground and background, unified anime style, repairing a loose button on a uniform at a small desk, shy concentration in warm lamplight, dynamic three-quarter shot, motion crossing the frame, clear silhouette, chamber dragonmaid, adult woman, long white hair, black dragon horns, black and white bedroom maid uniform, complete attached dark dragon tail, quiet reserved demeanor, coherent mansion interior, character visibly contacting nearby props, soft atmospheric depth","worst quality, low quality, normal quality, lowres, blurry, jpeg artifacts, text, watermark, logo, multiple views, collage, comic panels, duplicate person, extra person, cloned character, bad anatomy, bad hands, extra fingers, missing fingers, extra limbs, malformed limbs, long torso, floating tail, disconnected tail, missing tail, extra tail, missing horns, extra horns, wrong hair color, wrong costume, costume color error, inconsistent lighting, flat staging, pasted character, empty background, photorealistic, 3d render, card frame, trading card layout, nsfw, nude, lingerie"
小黑,7,sdxl\waiIllustriousSDXL_v150.safetensors,dragonmaid_public_illustrious_v4\07_Chamber_dragonmaid_illuXL_v1.1.safetensors,0.78,0.72,dpmpp_2m_sde,karras,28,4.8,202608290707,1216,832,DragonMaid/Unity_RPG_CG_20260829/07_Chamber_小黑/07,"masterpiece, best quality, high quality anime illustration, polished visual novel event CG, single coherent scene, expressive body language, natural perspective, clean lineart, soft cinematic lighting, clear foreground middle ground and background, unified anime style, standing between the viewer and a sudden draft, holding a curtain closed, protective instinct overcoming shyness, seated compression composition, environmental props enclosing the frame, chamber dragonmaid, adult woman, long white hair, black dragon horns, black and white bedroom maid uniform, complete attached dark dragon tail, quiet reserved demeanor, coherent mansion interior, character visibly contacting nearby props, soft atmospheric depth","worst quality, low quality, normal quality, lowres, blurry, jpeg artifacts, text, watermark, logo, multiple views, collage, comic panels, duplicate person, extra person, cloned character, bad anatomy, bad hands, extra fingers, missing fingers, extra limbs, malformed limbs, long torso, floating tail, disconnected tail, missing tail, extra tail, missing horns, extra horns, wrong hair color, wrong costume, costume color error, inconsistent lighting, flat staging, pasted character, empty background, photorealistic, 3d render, card frame, trading card layout, nsfw, nude, lingerie"
小黑,8,sdxl\waiIllustriousSDXL_v150.safetensors,dragonmaid_public_illustrious_v4\07_Chamber_dragonmaid_illuXL_v1.1.safetensors,0.78,0.72,dpmpp_2m_sde,karras,28,4.8,202608290708,1216,832,DragonMaid/Unity_RPG_CG_20260829/07_Chamber_小黑/08,"masterpiece, best quality, high quality anime illustration, polished visual novel event CG, single coherent scene, expressive body language, natural perspective, clean lineart, soft cinematic lighting, clear foreground middle ground and background, unified anime style, offering a handmade feather bookmark, lowered eyes and a small hopeful smile, intimate close-up aftermath, subtle off-screen interaction and expressive eyes, chamber dragonmaid, adult woman, long white hair, black dragon horns, black and white bedroom maid uniform, complete attached dark dragon tail, quiet reserved demeanor, coherent mansion interior, character visibly contacting nearby props, soft atmospheric depth","worst quality, low quality, normal quality, lowres, blurry, jpeg artifacts, text, watermark, logo, multiple views, collage, comic panels, duplicate person, extra person, cloned character, bad anatomy, bad hands, extra fingers, missing fingers, extra limbs, malformed limbs, long torso, floating tail, disconnected tail, missing tail, extra tail, missing horns, extra horns, wrong hair color, wrong costume, costume color error, inconsistent lighting, flat staging, pasted character, empty background, photorealistic, 3d render, card frame, trading card layout, nsfw, nude, lingerie"
小黑,9,sdxl\waiIllustriousSDXL_v150.safetensors,dragonmaid_public_illustrious_v4\07_Chamber_dragonmaid_illuXL_v1.1.safetensors,0.78,0.72,dpmpp_2m_sde,karras,28,4.8,202608290709,1216,832,DragonMaid/Unity_RPG_CG_20260829/07_Chamber_小黑/09,"masterpiece, best quality, high quality anime illustration, polished visual novel event CG, single coherent scene, expressive body language, natural perspective, clean lineart, soft cinematic lighting, clear foreground middle ground and background, unified anime style, pausing at the bedroom doorway after saying goodnight, looking back with a faint reluctant smile, wide establishing event CG, character integrated into a lived-in interior, chamber dragonmaid, adult woman, long white hair, black dragon horns, black and white bedroom maid uniform, complete attached dark dragon tail, quiet reserved demeanor, coherent mansion interior, character visibly contacting nearby props, soft atmospheric depth","worst quality, low quality, normal quality, lowres, blurry, jpeg artifacts, text, watermark, logo, multiple views, collage, comic panels, duplicate person, extra person, cloned character, bad anatomy, bad hands, extra fingers, missing fingers, extra limbs, malformed limbs, long torso, floating tail, disconnected tail, missing tail, extra tail, missing horns, extra horns, wrong hair color, wrong costume, costume color error, inconsistent lighting, flat staging, pasted character, empty background, photorealistic, 3d render, card frame, trading card layout, nsfw, nude, lingerie"
小黑,10,sdxl\waiIllustriousSDXL_v150.safetensors,dragonmaid_public_illustrious_v4\07_Chamber_dragonmaid_illuXL_v1.1.safetensors,0.78,0.72,dpmpp_2m_sde,karras,28,4.8,202608290710,1216,832,DragonMaid/Unity_RPG_CG_20260829/07_Chamber_小黑/10,"masterpiece, best quality, high quality anime illustration, polished visual novel event CG, single coherent scene, expressive body language, natural perspective, clean lineart, soft cinematic lighting, clear foreground middle ground and background, unified anime style, resting beside the window after chores, moonlit quiet and a softened trusting expression, medium close-up, foreground occlusion, cinematic depth and restrained emotion, chamber dragonmaid, adult woman, long white hair, black dragon horns, black and white bedroom maid uniform, complete attached dark dragon tail, quiet reserved demeanor, coherent mansion interior, character visibly contacting nearby props, soft atmospheric depth","worst quality, low quality, normal quality, lowres, blurry, jpeg artifacts, text, watermark, logo, multiple views, collage, comic panels, duplicate person, extra person, cloned character, bad anatomy, bad hands, extra fingers, missing fingers, extra limbs, malformed limbs, long torso, floating tail, disconnected tail, missing tail, extra tail, missing horns, extra horns, wrong hair color, wrong costume, costume color error, inconsistent lighting, flat staging, pasted character, empty background, photorealistic, 3d render, card frame, trading card layout, nsfw, nude, lingerie"
